query,k,graph_type,retriever_type,algorithm,success,is_expected_path,visited_count,path_length,time,path,selected_edge_count,expected_edge_count,preserved_edge_count,missing_edge_count,preserved_edge_rate,missing_edges
비가 오면 왜 체육 수업이 취소되는가,FULL,full,full,bfs,True,True,8,4,1.7743999990216253e-05,비가 온다>땅이 젖는다>운동장이 미끄럽다>체육 수업이 취소된다,90,3,3,0,1.0,
비가 오면 왜 체육 수업이 취소되는가,2,top_k,naive_top_k,bfs,False,False,2,0,4.4010000124217186e-06,,2,3,1,2,0.3333333333333333,땅이 젖는다->운동장이 미끄럽다|비가 온다->땅이 젖는다
비가 오면 왜 체육 수업이 취소되는가,2,top_k_expansion,top_k_expansion,bfs,True,True,8,4,6.676999987575982e-06,비가 온다>땅이 젖는다>운동장이 미끄럽다>체육 수업이 취소된다,9,3,3,0,1.0,
비가 오면 왜 체육 수업이 취소되는가,3,top_k,naive_top_k,bfs,False,False,3,0,6.157000001394408e-06,,3,3,1,2,0.3333333333333333,땅이 젖는다->운동장이 미끄럽다|비가 온다->땅이 젖는다
비가 오면 왜 체육 수업이 취소되는가,3,top_k_expansion,top_k_expansion,bfs,True,True,8,4,5.806000018537816e-06,비가 온다>땅이 젖는다>운동장이 미끄럽다>체육 수업이 취소된다,9,3,3,0,1.0,
비가 오면 왜 체육 수업이 취소되는가,4,top_k,naive_top_k,bfs,False,False,4,0,4.294999996545812e-06,,4,3,1,2,0.3333333333333333,땅이 젖는다->운동장이 미끄럽다|비가 온다->땅이 젖는다
비가 오면 왜 체육 수업이 취소되는가,4,top_k_expansion,top_k_expansion,bfs,True,True,8,4,8.301000008259507e-06,비가 온다>땅이 젖는다>운동장이 미끄럽다>체육 수업이 취소된다,9,3,3,0,1.0,
비가 오면 왜 체육 수업이 취소되는가,5,top_k,naive_top_k,bfs,False,False,5,0,4.05800000180534e-06,,5,3,1,2,0.3333333333333333,땅이 젖는다->운동장이 미끄럽다|비가 온다->땅이 젖는다
비가 오면 왜 체육 수업이 취소되는가,5,top_k_expansion,top_k_expansion,bfs,True,True,8,4,6.423000002087065e-06,비가 온다>땅이 젖는다>운동장이 미끄럽다>체육 수업이 취소된다,9,3,3,0,1.0,
비가 오면 왜 체육 수업이 취소되는가,6,top_k,naive_top_k,bfs,False,False,6,0,4.266000019015337e-06,,6,3,2,1,0.6666666666666666,땅이 젖는다->운동장이 미끄럽다
비가 오면 왜 체육 수업이 취소되는가,6,top_k_expansion,top_k_expansion,bfs,True,True,8,4,6.112000022540087e-06,비가 온다>땅이 젖는다>운동장이 미끄럽다>체육 수업이 취소된다,9,3,3,0,1.0,
비가 오면 왜 체육 수업이 취소되는가,7,top_k,naive_top_k,bfs,False,False,6,0,5.203000000619795e-06,,7,3,2,1,0.6666666666666666,땅이 젖는다->운동장이 미끄럽다
비가 오면 왜 체육 수업이 취소되는가,7,top_k_expansion,top_k_expansion,bfs,True,True,8,4,5.715000014561156e-06,비가 온다>땅이 젖는다>운동장이 미끄럽다>체육 수업이 취소된다,9,3,3,0,1.0,
비가 오면 왜 체육 수업이 취소되는가,8,top_k,naive_top_k,bfs,False,False,6,0,8.022000002938512e-06,,8,3,2,1,0.6666666666666666,땅이 젖는다->운동장이 미끄럽다
비가 오면 왜 체육 수업이 취소되는가,8,top_k_expansion,top_k_expansion,bfs,True,True,8,4,5.443999981480374e-06,비가 온다>땅이 젖는다>운동장이 미끄럽다>체육 수업이 취소된다,9,3,3,0,1.0,
비가 오면 왜 체육 수업이 취소되는가,9,top_k,naive_top_k,bfs,False,False,6,0,6.096999982219131e-06,,9,3,2,1,0.6666666666666666,땅이 젖는다->운동장이 미끄럽다
비가 오면 왜 체육 수업이 취소되는가,9,top_k_expansion,top_k_expansion,bfs,True,True,8,4,5.405999985441667e-06,비가 온다>땅이 젖는다>운동장이 미끄럽다>체육 수업이 취소된다,16,3,3,0,1.0,
비가 오면 왜 체육 수업이 취소되는가,10,top_k,naive_top_k,bfs,False,False,6,0,5.618999978196371e-06,,10,3,2,1,0.6666666666666666,땅이 젖는다->운동장이 미끄럽다
비가 오면 왜 체육 수업이 취소되는가,10,top_k_expansion,top_k_expansion,bfs,True,True,8,4,6.960999996863393e-06,비가 온다>땅이 젖는다>운동장이 미끄럽다>체육 수업이 취소된다,23,3,3,0,1.0,
비가 오면 왜 체육 수업이 취소되는가,15,top_k,naive_top_k,bfs,False,False,6,0,7.044999989602729e-06,,15,3,2,1,0.6666666666666666,땅이 젖는다->운동장이 미끄럽다
비가 오면 왜 체육 수업이 취소되는가,15,top_k_expansion,top_k_expansion,bfs,True,True,8,4,6.740999992871366e-06,비가 온다>땅이 젖는다>운동장이 미끄럽다>체육 수업이 취소된다,30,3,3,0,1.0,
비가 오면 왜 체육 수업이 취소되는가,20,top_k,naive_top_k,bfs,False,False,6,0,5.409000010558884e-06,,20,3,2,1,0.6666666666666666,땅이 젖는다->운동장이 미끄럽다
비가 오면 왜 체육 수업이 취소되는가,20,top_k_expansion,top_k_expansion,bfs,True,True,8,4,8.83399999906942e-06,비가 온다>땅이 젖는다>운동장이 미끄럽다>체육 수업이 취소된다,37,3,3,0,1.0,
비가 오면 왜 체육 수업이 취소되는가,30,top_k,naive_top_k,bfs,False,False,6,0,6.116000008660194e-06,,30,3,2,1,0.6666666666666666,땅이 젖는다->운동장이 미끄럽다
비가 오면 왜 체육 수업이 취소되는가,30,top_k_expansion,top_k_expansion,bfs,True,True,8,4,5.601999987447925e-06,비가 온다>땅이 젖는다>운동장이 미끄럽다>체육 수업이 취소된다,51,3,3,0,1.0,
비가 오면 왜 체육 수업이 취소되는가,40,top_k,naive_top_k,bfs,False,False,6,0,5.616999999347172e-06,,40,3,2,1,0.6666666666666666,땅이 젖는다->운동장이 미끄럽다
비가 오면 왜 체육 수업이 취소되는가,40,top_k_expansion,top_k_expansion,bfs,True,True,8,4,6.031999987499148e-06,비가 온다>땅이 젖는다>운동장이 미끄럽다>체육 수업이 취소된다,72,3,3,0,1.0,
비가 오면 왜 체육 수업이 취소되는가,60,top_k,naive_top_k,bfs,True,True,8,4,7.667999994964703e-06,비가 온다>땅이 젖는다>운동장이 미끄럽다>체육 수업이 취소된다,60,3,3,0,1.0,
비가 오면 왜 체육 수업이 취소되는가,60,top_k_expansion,top_k_expansion,bfs,True,True,8,4,6.8950000127188105e-06,비가 온다>땅이 젖는다>운동장이 미끄럽다>체육 수업이 취소된다,78,3,3,0,1.0,
비가 오면 왜 체육 수업이 취소되는가,70,top_k,naive_top_k,bfs,True,True,8,4,1.299300001278425e-05,비가 온다>땅이 젖는다>운동장이 미끄럽다>체육 수업이 취소된다,70,3,3,0,1.0,
비가 오면 왜 체육 수업이 취소되는가,70,top_k_expansion,top_k_expansion,bfs,True,True,8,4,6.774000013365367e-06,비가 온다>땅이 젖는다>운동장이 미끄럽다>체육 수업이 취소된다,82,3,3,0,1.0,
비가 오면 왜 체육 수업이 취소되는가,75,top_k,naive_top_k,bfs,True,True,8,4,6.51900001003014e-06,비가 온다>땅이 젖는다>운동장이 미끄럽다>체육 수업이 취소된다,75,3,3,0,1.0,
비가 오면 왜 체육 수업이 취소되는가,75,top_k_expansion,top_k_expansion,bfs,True,True,8,4,6.893000005447902e-06,비가 온다>땅이 젖는다>운동장이 미끄럽다>체육 수업이 취소된다,84,3,3,0,1.0,
비가 오면 왜 체육 수업이 취소되는가,78,top_k,naive_top_k,bfs,True,True,8,4,1.1542000009967524e-05,비가 온다>땅이 젖는다>운동장이 미끄럽다>체육 수업이 취소된다,78,3,3,0,1.0,
비가 오면 왜 체육 수업이 취소되는가,78,top_k_expansion,top_k_expansion,bfs,True,True,8,4,6.294000002071698e-06,비가 온다>땅이 젖는다>운동장이 미끄럽다>체육 수업이 취소된다,86,3,3,0,1.0,
비가 오면 왜 체육 수업이 취소되는가,80,top_k,naive_top_k,bfs,True,True,8,4,6.957000010743286e-06,비가 온다>땅이 젖는다>운동장이 미끄럽다>체육 수업이 취소된다,80,3,3,0,1.0,
비가 오면 왜 체육 수업이 취소되는가,80,top_k_expansion,top_k_expansion,bfs,True,True,8,4,5.762000000686385e-06,비가 온다>땅이 젖는다>운동장이 미끄럽다>체육 수업이 취소된다,86,3,3,0,1.0,
비가 오면 왜 체육 수업이 취소되는가,82,top_k,naive_top_k,bfs,True,True,8,4,6.169000016598147e-06,비가 온다>땅이 젖는다>운동장이 미끄럽다>체육 수업이 취소된다,82,3,3,0,1.0,
비가 오면 왜 체육 수업이 취소되는가,82,top_k_expansion,top_k_expansion,bfs,True,True,8,4,6.667000008064861e-06,비가 온다>땅이 젖는다>운동장이 미끄럽다>체육 수업이 취소된다,87,3,3,0,1.0,
비가 오면 왜 체육 수업이 취소되는가,84,top_k,naive_top_k,bfs,True,True,8,4,6.249999984220267e-06,비가 온다>땅이 젖는다>운동장이 미끄럽다>체육 수업이 취소된다,84,3,3,0,1.0,
비가 오면 왜 체육 수업이 취소되는가,84,top_k_expansion,top_k_expansion,bfs,True,True,8,4,6.510999980946508e-06,비가 온다>땅이 젖는다>운동장이 미끄럽다>체육 수업이 취소된다,88,3,3,0,1.0,
비가 오면 왜 체육 수업이 취소되는가,85,top_k,naive_top_k,bfs,True,True,8,4,6.42899999547808e-06,비가 온다>땅이 젖는다>운동장이 미끄럽다>체육 수업이 취소된다,85,3,3,0,1.0,
비가 오면 왜 체육 수업이 취소되는가,85,top_k_expansion,top_k_expansion,bfs,True,True,8,4,7.759999988365962e-06,비가 온다>땅이 젖는다>운동장이 미끄럽다>체육 수업이 취소된다,88,3,3,0,1.0,
비가 오면 왜 체육 수업이 취소되는가,86,top_k,naive_top_k,bfs,True,True,8,4,7.114999988289128e-06,비가 온다>땅이 젖는다>운동장이 미끄럽다>체육 수업이 취소된다,86,3,3,0,1.0,
비가 오면 왜 체육 수업이 취소되는가,86,top_k_expansion,top_k_expansion,bfs,True,True,8,4,6.876000014699457e-06,비가 온다>땅이 젖는다>운동장이 미끄럽다>체육 수업이 취소된다,88,3,3,0,1.0,
비가 오면 왜 체육 수업이 취소되는가,87,top_k,naive_top_k,bfs,True,True,8,4,6.101999986185547e-06,비가 온다>땅이 젖는다>운동장이 미끄럽다>체육 수업이 취소된다,87,3,3,0,1.0,
비가 오면 왜 체육 수업이 취소되는가,87,top_k_expansion,top_k_expansion,bfs,True,True,8,4,7.08900000745416e-06,비가 온다>땅이 젖는다>운동장이 미끄럽다>체육 수업이 취소된다,89,3,3,0,1.0,
비가 오면 왜 체육 수업이 취소되는가,88,top_k,naive_top_k,bfs,True,True,8,4,6.624000008059738e-06,비가 온다>땅이 젖는다>운동장이 미끄럽다>체육 수업이 취소된다,88,3,3,0,1.0,
비가 오면 왜 체육 수업이 취소되는가,88,top_k_expansion,top_k_expansion,bfs,True,True,8,4,6.571999989546384e-06,비가 온다>땅이 젖는다>운동장이 미끄럽다>체육 수업이 취소된다,90,3,3,0,1.0,
비가 오면 왜 체육 수업이 취소되는가,89,top_k,naive_top_k,bfs,True,True,8,4,6.803000019317551e-06,비가 온다>땅이 젖는다>운동장이 미끄럽다>체육 수업이 취소된다,89,3,3,0,1.0,
비가 오면 왜 체육 수업이 취소되는가,89,top_k_expansion,top_k_expansion,bfs,True,True,8,4,6.350999996129758e-06,비가 온다>땅이 젖는다>운동장이 미끄럽다>체육 수업이 취소된다,90,3,3,0,1.0,
비가 오면 왜 체육 수업이 취소되는가,90,top_k,naive_top_k,bfs,True,True,8,4,9.701999999833788e-06,비가 온다>땅이 젖는다>운동장이 미끄럽다>체육 수업이 취소된다,90,3,3,0,1.0,
비가 오면 왜 체육 수업이 취소되는가,90,top_k_expansion,top_k_expansion,bfs,True,True,8,4,2.424299998438073e-05,비가 온다>땅이 젖는다>운동장이 미끄럽다>체육 수업이 취소된다,90,3,3,0,1.0,
비가 오면 왜 체육 수업이 취소되는가,95,top_k,naive_top_k,bfs,True,True,8,4,6.53099999681217e-06,비가 온다>땅이 젖는다>운동장이 미끄럽다>체육 수업이 취소된다,90,3,3,0,1.0,
비가 오면 왜 체육 수업이 취소되는가,95,top_k_expansion,top_k_expansion,bfs,True,True,8,4,5.479000009245283e-06,비가 온다>땅이 젖는다>운동장이 미끄럽다>체육 수업이 취소된다,90,3,3,0,1.0,
비가 오면 왜 체육 수업이 취소되는가,100,top_k,naive_top_k,bfs,True,True,8,4,6.396999992830388e-06,비가 온다>땅이 젖는다>운동장이 미끄럽다>체육 수업이 취소된다,90,3,3,0,1.0,
비가 오면 왜 체육 수업이 취소되는가,100,top_k_expansion,top_k_expansion,bfs,True,True,8,4,6.248000005371068e-06,비가 온다>땅이 젖는다>운동장이 미끄럽다>체육 수업이 취소된다,90,3,3,0,1.0,
도로 공사가 시작되면 왜 출근 시간이 길어지는가,FULL,full,full,bfs,True,True,8,4,8.062999995672726e-06,도로 공사가 시작된다>차선이 줄어든다>차량 속도가 느려진다>출근 시간이 길어진다,90,3,3,0,1.0,
도로 공사가 시작되면 왜 출근 시간이 길어지는가,2,top_k,naive_top_k,bfs,False,False,3,0,5.41399998610359e-06,,2,3,0,3,0.0,도로 공사가 시작된다->차선이 줄어든다|차량 속도가 느려진다->출근 시간이 길어진다|차선이 줄어든다->차량 속도가 느려진다
도로 공사가 시작되면 왜 출근 시간이 길어지는가,2,top_k_expansion,top_k_expansion,bfs,False,False,6,0,8.625999981859422e-06,,7,3,1,2,0.3333333333333333,차량 속도가 느려진다->출근 시간이 길어진다|차선이 줄어든다->차량 속도가 느려진다
도로 공사가 시작되면 왜 출근 시간이 길어지는가,3,top_k,naive_top_k,bfs,False,False,4,0,4.240999999183259e-06,,3,3,0,3,0.0,도로 공사가 시작된다->차선이 줄어든다|차량 속도가 느려진다->출근 시간이 길어진다|차선이 줄어든다->차량 속도가 느려진다
도로 공사가 시작되면 왜 출근 시간이 길어지는가,3,top_k_expansion,top_k_expansion,bfs,False,False,6,0,5.100000009861105e-06,,7,3,1,2,0.3333333333333333,차량 속도가 느려진다->출근 시간이 길어진다|차선이 줄어든다->차량 속도가 느려진다
도로 공사가 시작되면 왜 출근 시간이 길어지는가,4,top_k,naive_top_k,bfs,False,False,5,0,4.81000000718268e-06,,4,3,0,3,0.0,도로 공사가 시작된다->차선이 줄어든다|차량 속도가 느려진다->출근 시간이 길어진다|차선이 줄어든다->차량 속도가 느려진다
도로 공사가 시작되면 왜 출근 시간이 길어지는가,4,top_k_expansion,top_k_expansion,bfs,False,False,6,0,7.434999986344337e-06,,7,3,1,2,0.3333333333333333,차량 속도가 느려진다->출근 시간이 길어진다|차선이 줄어든다->차량 속도가 느려진다
도로 공사가 시작되면 왜 출근 시간이 길어지는가,5,top_k,naive_top_k,bfs,False,False,6,0,6.76999999882355e-06,,5,3,1,2,0.3333333333333333,차량 속도가 느려진다->출근 시간이 길어진다|차선이 줄어든다->차량 속도가 느려진다
도로 공사가 시작되면 왜 출근 시간이 길어지는가,5,top_k_expansion,top_k_expansion,bfs,False,False,7,0,5.451000021139407e-06,,8,3,2,1,0.6666666666666666,차량 속도가 느려진다->출근 시간이 길어진다
도로 공사가 시작되면 왜 출근 시간이 길어지는가,6,top_k,naive_top_k,bfs,False,False,6,0,5.474999994703467e-06,,6,3,2,1,0.6666666666666666,차선이 줄어든다->차량 속도가 느려진다
도로 공사가 시작되면 왜 출근 시간이 길어지는가,6,top_k_expansion,top_k_expansion,bfs,True,True,8,4,7.170999992922589e-06,도로 공사가 시작된다>차선이 줄어든다>차량 속도가 느려진다>출근 시간이 길어진다,9,3,3,0,1.0,
도로 공사가 시작되면 왜 출근 시간이 길어지는가,7,top_k,naive_top_k,bfs,False,False,6,0,6.466000002092187e-06,,7,3,2,1,0.6666666666666666,차선이 줄어든다->차량 속도가 느려진다
도로 공사가 시작되면 왜 출근 시간이 길어지는가,7,top_k_expansion,top_k_expansion,bfs,True,True,8,4,7.136999983003989e-06,도로 공사가 시작된다>차선이 줄어든다>차량 속도가 느려진다>출근 시간이 길어진다,9,3,3,0,1.0,
도로 공사가 시작되면 왜 출근 시간이 길어지는가,8,top_k,naive_top_k,bfs,False,False,6,0,8.543999996390994e-06,,8,3,2,1,0.6666666666666666,차선이 줄어든다->차량 속도가 느려진다
도로 공사가 시작되면 왜 출근 시간이 길어지는가,8,top_k_expansion,top_k_expansion,bfs,True,True,8,4,5.5779999854621565e-06,도로 공사가 시작된다>차선이 줄어든다>차량 속도가 느려진다>출근 시간이 길어진다,9,3,3,0,1.0,
도로 공사가 시작되면 왜 출근 시간이 길어지는가,9,top_k,naive_top_k,bfs,False,False,6,0,6.355000010671574e-06,,9,3,2,1,0.6666666666666666,차선이 줄어든다->차량 속도가 느려진다
도로 공사가 시작되면 왜 출근 시간이 길어지는가,9,top_k_expansion,top_k_expansion,bfs,True,True,8,4,5.625999989433694e-06,도로 공사가 시작된다>차선이 줄어든다>차량 속도가 느려진다>출근 시간이 길어진다,16,3,3,0,1.0,
도로 공사가 시작되면 왜 출근 시간이 길어지는가,10,top_k,naive_top_k,bfs,False,False,6,0,6.640000009383584e-06,,10,3,2,1,0.6666666666666666,차선이 줄어든다->차량 속도가 느려진다
도로 공사가 시작되면 왜 출근 시간이 길어지는가,10,top_k_expansion,top_k_expansion,bfs,True,True,8,4,6.5159999849129235e-06,도로 공사가 시작된다>차선이 줄어든다>차량 속도가 느려진다>출근 시간이 길어진다,16,3,3,0,1.0,
도로 공사가 시작되면 왜 출근 시간이 길어지는가,15,top_k,naive_top_k,bfs,False,False,6,0,5.228000020451873e-06,,15,3,2,1,0.6666666666666666,차선이 줄어든다->차량 속도가 느려진다
도로 공사가 시작되면 왜 출근 시간이 길어지는가,15,top_k_expansion,top_k_expansion,bfs,True,True,8,4,7.847999995647115e-06,도로 공사가 시작된다>차선이 줄어든다>차량 속도가 느려진다>출근 시간이 길어진다,24,3,3,0,1.0,
도로 공사가 시작되면 왜 출근 시간이 길어지는가,20,top_k,naive_top_k,bfs,False,False,6,0,5.251999994015932e-06,,20,3,2,1,0.6666666666666666,차선이 줄어든다->차량 속도가 느려진다
도로 공사가 시작되면 왜 출근 시간이 길어지는가,20,top_k_expansion,top_k_expansion,bfs,True,True,8,4,6.990999992240177e-06,도로 공사가 시작된다>차선이 줄어든다>차량 속도가 느려진다>출근 시간이 길어진다,30,3,3,0,1.0,
도로 공사가 시작되면 왜 출근 시간이 길어지는가,30,top_k,naive_top_k,bfs,False,False,6,0,6.191000011313008e-06,,30,3,2,1,0.6666666666666666,차선이 줄어든다->차량 속도가 느려진다
도로 공사가 시작되면 왜 출근 시간이 길어지는가,30,top_k_expansion,top_k_expansion,bfs,True,True,8,4,6.1890000040421e-06,도로 공사가 시작된다>차선이 줄어든다>차량 속도가 느려진다>출근 시간이 길어진다,52,3,3,0,1.0,
도로 공사가 시작되면 왜 출근 시간이 길어지는가,40,top_k,naive_top_k,bfs,False,False,6,0,6.689000002779721e-06,,40,3,2,1,0.6666666666666666,차선이 줄어든다->차량 속도가 느려진다
도로 공사가 시작되면 왜 출근 시간이 길어지는가,40,top_k_expansion,top_k_expansion,bfs,True,True,8,4,6.74700001468409e-06,도로 공사가 시작된다>차선이 줄어든다>차량 속도가 느려진다>출근 시간이 길어진다,59,3,3,0,1.0,
도로 공사가 시작되면 왜 출근 시간이 길어지는가,60,top_k,naive_top_k,bfs,True,True,8,4,7.468999996262937e-06,도로 공사가 시작된다>차선이 줄어든다>차량 속도가 느려진다>출근 시간이 길어진다,60,3,3,0,1.0,
도로 공사가 시작되면 왜 출근 시간이 길어지는가,60,top_k_expansion,top_k_expansion,bfs,True,True,8,4,7.871000008208284e-06,도로 공사가 시작된다>차선이 줄어든다>차량 속도가 느려진다>출근 시간이 길어진다,82,3,3,0,1.0,
도로 공사가 시작되면 왜 출근 시간이 길어지는가,70,top_k,naive_top_k,bfs,True,True,8,4,8.045000015499681e-06,도로 공사가 시작된다>차선이 줄어든다>차량 속도가 느려진다>출근 시간이 길어진다,70,3,3,0,1.0,
도로 공사가 시작되면 왜 출근 시간이 길어지는가,70,top_k_expansion,top_k_expansion,bfs,True,True,8,4,7.337999988976662e-06,도로 공사가 시작된다>차선이 줄어든다>차량 속도가 느려진다>출근 시간이 길어진다,86,3,3,0,1.0,
도로 공사가 시작되면 왜 출근 시간이 길어지는가,75,top_k,naive_top_k,bfs,True,True,8,4,6.974000001491731e-06,도로 공사가 시작된다>차선이 줄어든다>차량 속도가 느려진다>출근 시간이 길어진다,75,3,3,0,1.0,
도로 공사가 시작되면 왜 출근 시간이 길어지는가,75,top_k_expansion,top_k_expansion,bfs,True,True,8,4,6.954000014047779e-06,도로 공사가 시작된다>차선이 줄어든다>차량 속도가 느려진다>출근 시간이 길어진다,88,3,3,0,1.0,
도로 공사가 시작되면 왜 출근 시간이 길어지는가,78,top_k,naive_top_k,bfs,True,True,8,4,8.337999986451905e-06,도로 공사가 시작된다>차선이 줄어든다>차량 속도가 느려진다>출근 시간이 길어진다,78,3,3,0,1.0,
도로 공사가 시작되면 왜 출근 시간이 길어지는가,78,top_k_expansion,top_k_expansion,bfs,True,True,8,4,6.1190000053557014e-06,도로 공사가 시작된다>차선이 줄어든다>차량 속도가 느려진다>출근 시간이 길어진다,88,3,3,0,1.0,
도로 공사가 시작되면 왜 출근 시간이 길어지는가,80,top_k,naive_top_k,bfs,True,True,8,4,6.294000002071698e-06,도로 공사가 시작된다>차선이 줄어든다>차량 속도가 느려진다>출근 시간이 길어진다,80,3,3,0,1.0,
도로 공사가 시작되면 왜 출근 시간이 길어지는가,80,top_k_expansion,top_k_expansion,bfs,True,True,8,4,7.793000008859963e-06,도로 공사가 시작된다>차선이 줄어든다>차량 속도가 느려진다>출근 시간이 길어진다,88,3,3,0,1.0,
도로 공사가 시작되면 왜 출근 시간이 길어지는가,82,top_k,naive_top_k,bfs,True,True,8,4,5.7759999947393226e-06,도로 공사가 시작된다>차선이 줄어든다>차량 속도가 느려진다>출근 시간이 길어진다,82,3,3,0,1.0,
도로 공사가 시작되면 왜 출근 시간이 길어지는가,82,top_k_expansion,top_k_expansion,bfs,True,True,8,4,7.447000001548076e-06,도로 공사가 시작된다>차선이 줄어든다>차량 속도가 느려진다>출근 시간이 길어진다,88,3,3,0,1.0,
도로 공사가 시작되면 왜 출근 시간이 길어지는가,84,top_k,naive_top_k,bfs,True,True,8,4,6.8169999849487795e-06,도로 공사가 시작된다>차선이 줄어든다>차량 속도가 느려진다>출근 시간이 길어진다,84,3,3,0,1.0,
도로 공사가 시작되면 왜 출근 시간이 길어지는가,84,top_k_expansion,top_k_expansion,bfs,True,True,8,4,7.686000003559457e-06,도로 공사가 시작된다>차선이 줄어든다>차량 속도가 느려진다>출근 시간이 길어진다,88,3,3,0,1.0,
도로 공사가 시작되면 왜 출근 시간이 길어지는가,85,top_k,naive_top_k,bfs,True,True,8,4,7.229000004826958e-06,도로 공사가 시작된다>차선이 줄어든다>차량 속도가 느려진다>출근 시간이 길어진다,85,3,3,0,1.0,
도로 공사가 시작되면 왜 출근 시간이 길어지는가,85,top_k_expansion,top_k_expansion,bfs,True,True,8,4,8.108999992373356e-06,도로 공사가 시작된다>차선이 줄어든다>차량 속도가 느려진다>출근 시간이 길어진다,88,3,3,0,1.0,
도로 공사가 시작되면 왜 출근 시간이 길어지는가,86,top_k,naive_top_k,bfs,True,True,8,4,6.7010000179834606e-06,도로 공사가 시작된다>차선이 줄어든다>차량 속도가 느려진다>출근 시간이 길어진다,86,3,3,0,1.0,
도로 공사가 시작되면 왜 출근 시간이 길어지는가,86,top_k_expansion,top_k_expansion,bfs,True,True,8,4,6.977999987611838e-06,도로 공사가 시작된다>차선이 줄어든다>차량 속도가 느려진다>출근 시간이 길어진다,89,3,3,0,1.0,
도로 공사가 시작되면 왜 출근 시간이 길어지는가,87,top_k,naive_top_k,bfs,True,True,8,4,7.775999989689808e-06,도로 공사가 시작된다>차선이 줄어든다>차량 속도가 느려진다>출근 시간이 길어진다,87,3,3,0,1.0,
도로 공사가 시작되면 왜 출근 시간이 길어지는가,87,top_k_expansion,top_k_expansion,bfs,True,True,8,4,6.965000011405209e-06,도로 공사가 시작된다>차선이 줄어든다>차량 속도가 느려진다>출근 시간이 길어진다,90,3,3,0,1.0,
도로 공사가 시작되면 왜 출근 시간이 길어지는가,88,top_k,naive_top_k,bfs,True,True,8,4,7.748000001583932e-06,도로 공사가 시작된다>차선이 줄어든다>차량 속도가 느려진다>출근 시간이 길어진다,88,3,3,0,1.0,
도로 공사가 시작되면 왜 출근 시간이 길어지는가,88,top_k_expansion,top_k_expansion,bfs,True,True,8,4,1.1389000007966388e-05,도로 공사가 시작된다>차선이 줄어든다>차량 속도가 느려진다>출근 시간이 길어진다,90,3,3,0,1.0,
도로 공사가 시작되면 왜 출근 시간이 길어지는가,89,top_k,naive_top_k,bfs,True,True,8,4,8.563999983834947e-06,도로 공사가 시작된다>차선이 줄어든다>차량 속도가 느려진다>출근 시간이 길어진다,89,3,3,0,1.0,
도로 공사가 시작되면 왜 출근 시간이 길어지는가,89,top_k_expansion,top_k_expansion,bfs,True,True,8,4,1.0363000001234468e-05,도로 공사가 시작된다>차선이 줄어든다>차량 속도가 느려진다>출근 시간이 길어진다,90,3,3,0,1.0,
도로 공사가 시작되면 왜 출근 시간이 길어지는가,90,top_k,naive_top_k,bfs,True,True,8,4,6.650000017316415e-06,도로 공사가 시작된다>차선이 줄어든다>차량 속도가 느려진다>출근 시간이 길어진다,90,3,3,0,1.0,
도로 공사가 시작되면 왜 출근 시간이 길어지는가,90,top_k_expansion,top_k_expansion,bfs,True,True,8,4,7.6009999929738115e-06,도로 공사가 시작된다>차선이 줄어든다>차량 속도가 느려진다>출근 시간이 길어진다,90,3,3,0,1.0,
도로 공사가 시작되면 왜 출근 시간이 길어지는가,95,top_k,naive_top_k,bfs,True,True,8,4,3.402100000471364e-05,도로 공사가 시작된다>차선이 줄어든다>차량 속도가 느려진다>출근 시간이 길어진다,90,3,3,0,1.0,
도로 공사가 시작되면 왜 출근 시간이 길어지는가,95,top_k_expansion,top_k_expansion,bfs,True,True,8,4,7.445999983701768e-06,도로 공사가 시작된다>차선이 줄어든다>차량 속도가 느려진다>출근 시간이 길어진다,90,3,3,0,1.0,
도로 공사가 시작되면 왜 출근 시간이 길어지는가,100,top_k,naive_top_k,bfs,True,True,8,4,7.054000008110961e-06,도로 공사가 시작된다>차선이 줄어든다>차량 속도가 느려진다>출근 시간이 길어진다,90,3,3,0,1.0,
도로 공사가 시작되면 왜 출근 시간이 길어지는가,100,top_k_expansion,top_k_expansion,bfs,True,True,8,4,7.834999991018776e-06,도로 공사가 시작된다>차선이 줄어든다>차량 속도가 느려진다>출근 시간이 길어진다,90,3,3,0,1.0,
수면 시간이 부족하면 왜 실수가 늘어나는가,FULL,full,full,bfs,True,True,8,4,7.697000000916887e-06,수면 시간이 부족하다>피로가 쌓인다>집중력이 떨어진다>실수가 늘어난다,90,3,3,0,1.0,
수면 시간이 부족하면 왜 실수가 늘어나는가,2,top_k,naive_top_k,bfs,False,False,3,0,3.2350000083170016e-06,,2,3,0,3,0.0,수면 시간이 부족하다->피로가 쌓인다|집중력이 떨어진다->실수가 늘어난다|피로가 쌓인다->집중력이 떨어진다
수면 시간이 부족하면 왜 실수가 늘어나는가,2,top_k_expansion,top_k_expansion,bfs,False,False,6,0,5.576000006612958e-06,,7,3,1,2,0.3333333333333333,집중력이 떨어진다->실수가 늘어난다|피로가 쌓인다->집중력이 떨어진다
수면 시간이 부족하면 왜 실수가 늘어나는가,3,top_k,naive_top_k,bfs,False,False,4,0,4.6259999919584516e-06,,3,3,0,3,0.0,수면 시간이 부족하다->피로가 쌓인다|집중력이 떨어진다->실수가 늘어난다|피로가 쌓인다->집중력이 떨어진다
수면 시간이 부족하면 왜 실수가 늘어나는가,3,top_k_expansion,top_k_expansion,bfs,False,False,6,0,7.14699999093682e-06,,7,3,1,2,0.3333333333333333,집중력이 떨어진다->실수가 늘어난다|피로가 쌓인다->집중력이 떨어진다
수면 시간이 부족하면 왜 실수가 늘어나는가,4,top_k,naive_top_k,bfs,False,False,5,0,5.32300001054864e-06,,4,3,0,3,0.0,수면 시간이 부족하다->피로가 쌓인다|집중력이 떨어진다->실수가 늘어난다|피로가 쌓인다->집중력이 떨어진다
수면 시간이 부족하면 왜 실수가 늘어나는가,4,top_k_expansion,top_k_expansion,bfs,False,False,6,0,5.22099998079284e-06,,7,3,1,2,0.3333333333333333,집중력이 떨어진다->실수가 늘어난다|피로가 쌓인다->집중력이 떨어진다
수면 시간이 부족하면 왜 실수가 늘어나는가,5,top_k,naive_top_k,bfs,False,False,6,0,4.8899999853802e-06,,5,3,1,2,0.3333333333333333,집중력이 떨어진다->실수가 늘어난다|피로가 쌓인다->집중력이 떨어진다
수면 시간이 부족하면 왜 실수가 늘어나는가,5,top_k_expansion,top_k_expansion,bfs,False,False,7,0,6.100999996760947e-06,,8,3,2,1,0.6666666666666666,집중력이 떨어진다->실수가 늘어난다
수면 시간이 부족하면 왜 실수가 늘어나는가,6,top_k,naive_top_k,bfs,False,False,6,0,4.769000014448466e-06,,6,3,2,1,0.6666666666666666,피로가 쌓인다->집중력이 떨어진다
수면 시간이 부족하면 왜 실수가 늘어나는가,6,top_k_expansion,top_k_expansion,bfs,True,True,8,4,5.319999985431423e-06,수면 시간이 부족하다>피로가 쌓인다>집중력이 떨어진다>실수가 늘어난다,9,3,3,0,1.0,
수면 시간이 부족하면 왜 실수가 늘어나는가,7,top_k,naive_top_k,bfs,False,False,6,0,5.901999998059182e-06,,7,3,2,1,0.6666666666666666,피로가 쌓인다->집중력이 떨어진다
수면 시간이 부족하면 왜 실수가 늘어나는가,7,top_k_expansion,top_k_expansion,bfs,True,True,8,4,5.874000009953306e-06,수면 시간이 부족하다>피로가 쌓인다>집중력이 떨어진다>실수가 늘어난다,9,3,3,0,1.0,
수면 시간이 부족하면 왜 실수가 늘어나는가,8,top_k,naive_top_k,bfs,False,False,6,0,5.802000003996e-06,,8,3,2,1,0.6666666666666666,피로가 쌓인다->집중력이 떨어진다
수면 시간이 부족하면 왜 실수가 늘어나는가,8,top_k_expansion,top_k_expansion,bfs,True,True,8,4,5.632000011246419e-06,수면 시간이 부족하다>피로가 쌓인다>집중력이 떨어진다>실수가 늘어난다,9,3,3,0,1.0,
수면 시간이 부족하면 왜 실수가 늘어나는가,9,top_k,naive_top_k,bfs,False,False,6,0,5.35699999204553e-06,,9,3,2,1,0.6666666666666666,피로가 쌓인다->집중력이 떨어진다
수면 시간이 부족하면 왜 실수가 늘어나는가,9,top_k_expansion,top_k_expansion,bfs,True,True,8,4,6.116000008660194e-06,수면 시간이 부족하다>피로가 쌓인다>집중력이 떨어진다>실수가 늘어난다,11,3,3,0,1.0,
수면 시간이 부족하면 왜 실수가 늘어나는가,10,top_k,naive_top_k,bfs,False,False,6,0,6.193000018583916e-06,,10,3,2,1,0.6666666666666666,피로가 쌓인다->집중력이 떨어진다
수면 시간이 부족하면 왜 실수가 늘어나는가,10,top_k_expansion,top_k_expansion,bfs,True,True,8,4,9.879999993245292e-06,수면 시간이 부족하다>피로가 쌓인다>집중력이 떨어진다>실수가 늘어난다,18,3,3,0,1.0,
수면 시간이 부족하면 왜 실수가 늘어나는가,15,top_k,naive_top_k,bfs,False,False,6,0,5.169000019122905e-06,,15,3,2,1,0.6666666666666666,피로가 쌓인다->집중력이 떨어진다
수면 시간이 부족하면 왜 실수가 늘어나는가,15,top_k_expansion,top_k_expansion,bfs,True,True,8,4,7.630999988350595e-06,수면 시간이 부족하다>피로가 쌓인다>집중력이 떨어진다>실수가 늘어난다,27,3,3,0,1.0,
수면 시간이 부족하면 왜 실수가 늘어나는가,20,top_k,naive_top_k,bfs,False,False,6,0,8.683999993763791e-06,,20,3,2,1,0.6666666666666666,피로가 쌓인다->집중력이 떨어진다
수면 시간이 부족하면 왜 실수가 늘어나는가,20,top_k_expansion,top_k_expansion,bfs,True,True,8,4,6.095999992794532e-06,수면 시간이 부족하다>피로가 쌓인다>집중력이 떨어진다>실수가 늘어난다,29,3,3,0,1.0,
수면 시간이 부족하면 왜 실수가 늘어나는가,30,top_k,naive_top_k,bfs,False,False,6,0,6.605999999464984e-06,,30,3,2,1,0.6666666666666666,피로가 쌓인다->집중력이 떨어진다
수면 시간이 부족하면 왜 실수가 늘어나는가,30,top_k_expansion,top_k_expansion,bfs,True,True,8,4,6.312000010666452e-06,수면 시간이 부족하다>피로가 쌓인다>집중력이 떨어진다>실수가 늘어난다,49,3,3,0,1.0,
수면 시간이 부족하면 왜 실수가 늘어나는가,40,top_k,naive_top_k,bfs,False,False,6,0,6.715000012036398e-06,,40,3,2,1,0.6666666666666666,피로가 쌓인다->집중력이 떨어진다
수면 시간이 부족하면 왜 실수가 늘어나는가,40,top_k_expansion,top_k_expansion,bfs,True,True,8,4,7.025000002158777e-06,수면 시간이 부족하다>피로가 쌓인다>집중력이 떨어진다>실수가 늘어난다,62,3,3,0,1.0,
수면 시간이 부족하면 왜 실수가 늘어나는가,60,top_k,naive_top_k,bfs,False,False,6,0,2.8034999985493414e-05,,60,3,2,1,0.6666666666666666,피로가 쌓인다->집중력이 떨어진다
수면 시간이 부족하면 왜 실수가 늘어나는가,60,top_k_expansion,top_k_expansion,bfs,True,True,8,4,7.2999999929379555e-06,수면 시간이 부족하다>피로가 쌓인다>집중력이 떨어진다>실수가 늘어난다,84,3,3,0,1.0,
수면 시간이 부족하면 왜 실수가 늘어나는가,70,top_k,naive_top_k,bfs,True,True,8,4,6.289000026526992e-06,수면 시간이 부족하다>피로가 쌓인다>집중력이 떨어진다>실수가 늘어난다,70,3,3,0,1.0,
수면 시간이 부족하면 왜 실수가 늘어나는가,70,top_k_expansion,top_k_expansion,bfs,True,True,8,4,7.0389999962117145e-06,수면 시간이 부족하다>피로가 쌓인다>집중력이 떨어진다>실수가 늘어난다,86,3,3,0,1.0,
수면 시간이 부족하면 왜 실수가 늘어나는가,75,top_k,naive_top_k,bfs,True,True,8,4,6.24599999810016e-06,수면 시간이 부족하다>피로가 쌓인다>집중력이 떨어진다>실수가 늘어난다,75,3,3,0,1.0,
수면 시간이 부족하면 왜 실수가 늘어나는가,75,top_k_expansion,top_k_expansion,bfs,True,True,8,4,6.950999988930562e-06,수면 시간이 부족하다>피로가 쌓인다>집중력이 떨어진다>실수가 늘어난다,88,3,3,0,1.0,
수면 시간이 부족하면 왜 실수가 늘어나는가,78,top_k,naive_top_k,bfs,True,True,8,4,5.625000000009095e-06,수면 시간이 부족하다>피로가 쌓인다>집중력이 떨어진다>실수가 늘어난다,78,3,3,0,1.0,
수면 시간이 부족하면 왜 실수가 늘어나는가,78,top_k_expansion,top_k_expansion,bfs,True,True,8,4,5.572000020492851e-06,수면 시간이 부족하다>피로가 쌓인다>집중력이 떨어진다>실수가 늘어난다,88,3,3,0,1.0,
수면 시간이 부족하면 왜 실수가 늘어나는가,80,top_k,naive_top_k,bfs,True,True,8,4,6.90699999950084e-06,수면 시간이 부족하다>피로가 쌓인다>집중력이 떨어진다>실수가 늘어난다,80,3,3,0,1.0,
수면 시간이 부족하면 왜 실수가 늘어나는가,80,top_k_expansion,top_k_expansion,bfs,True,True,8,4,5.7479999782117375e-06,수면 시간이 부족하다>피로가 쌓인다>집중력이 떨어진다>실수가 늘어난다,88,3,3,0,1.0,
수면 시간이 부족하면 왜 실수가 늘어나는가,82,top_k,naive_top_k,bfs,True,True,8,4,7.430000010799631e-06,수면 시간이 부족하다>피로가 쌓인다>집중력이 떨어진다>실수가 늘어난다,82,3,3,0,1.0,
수면 시간이 부족하면 왜 실수가 늘어나는가,82,top_k_expansion,top_k_expansion,bfs,True,True,8,4,5.627000007280003e-06,수면 시간이 부족하다>피로가 쌓인다>집중력이 떨어진다>실수가 늘어난다,88,3,3,0,1.0,
수면 시간이 부족하면 왜 실수가 늘어나는가,84,top_k,naive_top_k,bfs,True,True,8,4,5.546000011236174e-06,수면 시간이 부족하다>피로가 쌓인다>집중력이 떨어진다>실수가 늘어난다,84,3,3,0,1.0,
수면 시간이 부족하면 왜 실수가 늘어나는가,84,top_k_expansion,top_k_expansion,bfs,True,True,8,4,7.031000023971501e-06,수면 시간이 부족하다>피로가 쌓인다>집중력이 떨어진다>실수가 늘어난다,88,3,3,0,1.0,
수면 시간이 부족하면 왜 실수가 늘어나는가,85,top_k,naive_top_k,bfs,True,True,8,4,5.670000007285125e-06,수면 시간이 부족하다>피로가 쌓인다>집중력이 떨어진다>실수가 늘어난다,85,3,3,0,1.0,
수면 시간이 부족하면 왜 실수가 늘어나는가,85,top_k_expansion,top_k_expansion,bfs,True,True,8,4,7.037999978365406e-06,수면 시간이 부족하다>피로가 쌓인다>집중력이 떨어진다>실수가 늘어난다,88,3,3,0,1.0,
수면 시간이 부족하면 왜 실수가 늘어나는가,86,top_k,naive_top_k,bfs,True,True,8,4,5.689999994729078e-06,수면 시간이 부족하다>피로가 쌓인다>집중력이 떨어진다>실수가 늘어난다,86,3,3,0,1.0,
수면 시간이 부족하면 왜 실수가 늘어나는가,86,top_k_expansion,top_k_expansion,bfs,True,True,8,4,5.657000002656787e-06,수면 시간이 부족하다>피로가 쌓인다>집중력이 떨어진다>실수가 늘어난다,89,3,3,0,1.0,
수면 시간이 부족하면 왜 실수가 늘어나는가,87,top_k,naive_top_k,bfs,True,True,8,4,6.643999995503691e-06,수면 시간이 부족하다>피로가 쌓인다>집중력이 떨어진다>실수가 늘어난다,87,3,3,0,1.0,
수면 시간이 부족하면 왜 실수가 늘어나는가,87,top_k_expansion,top_k_expansion,bfs,True,True,8,4,6.229000007351715e-06,수면 시간이 부족하다>피로가 쌓인다>집중력이 떨어진다>실수가 늘어난다,90,3,3,0,1.0,
수면 시간이 부족하면 왜 실수가 늘어나는가,88,top_k,naive_top_k,bfs,True,True,8,4,1.7423000002736444e-05,수면 시간이 부족하다>피로가 쌓인다>집중력이 떨어진다>실수가 늘어난다,88,3,3,0,1.0,
수면 시간이 부족하면 왜 실수가 늘어나는가,88,top_k_expansion,top_k_expansion,bfs,True,True,8,4,5.647999984148555e-06,수면 시간이 부족하다>피로가 쌓인다>집중력이 떨어진다>실수가 늘어난다,90,3,3,0,1.0,
수면 시간이 부족하면 왜 실수가 늘어나는가,89,top_k,naive_top_k,bfs,True,True,8,4,1.3881999990417171e-05,수면 시간이 부족하다>피로가 쌓인다>집중력이 떨어진다>실수가 늘어난다,89,3,3,0,1.0,
수면 시간이 부족하면 왜 실수가 늘어나는가,89,top_k_expansion,top_k_expansion,bfs,True,True,8,4,6.894999984297101e-06,수면 시간이 부족하다>피로가 쌓인다>집중력이 떨어진다>실수가 늘어난다,90,3,3,0,1.0,
수면 시간이 부족하면 왜 실수가 늘어나는가,90,top_k,naive_top_k,bfs,True,True,8,4,6.7619999981616274e-06,수면 시간이 부족하다>피로가 쌓인다>집중력이 떨어진다>실수가 늘어난다,90,3,3,0,1.0,
수면 시간이 부족하면 왜 실수가 늘어나는가,90,top_k_expansion,top_k_expansion,bfs,True,True,8,4,7.070000009434807e-06,수면 시간이 부족하다>피로가 쌓인다>집중력이 떨어진다>실수가 늘어난다,90,3,3,0,1.0,
수면 시간이 부족하면 왜 실수가 늘어나는가,95,top_k,naive_top_k,bfs,True,True,8,4,5.227000002605564e-06,수면 시간이 부족하다>피로가 쌓인다>집중력이 떨어진다>실수가 늘어난다,90,3,3,0,1.0,
수면 시간이 부족하면 왜 실수가 늘어나는가,95,top_k_expansion,top_k_expansion,bfs,True,True,8,4,6.939000002148532e-06,수면 시간이 부족하다>피로가 쌓인다>집중력이 떨어진다>실수가 늘어난다,90,3,3,0,1.0,
수면 시간이 부족하면 왜 실수가 늘어나는가,100,top_k,naive_top_k,bfs,True,True,8,4,6.589999998141138e-06,수면 시간이 부족하다>피로가 쌓인다>집중력이 떨어진다>실수가 늘어난다,90,3,3,0,1.0,
수면 시간이 부족하면 왜 실수가 늘어나는가,100,top_k_expansion,top_k_expansion,bfs,True,True,8,4,1.079300000128569e-05,수면 시간이 부족하다>피로가 쌓인다>집중력이 떨어진다>실수가 늘어난다,90,3,3,0,1.0,
숙제를 제출하지 않으면 왜 최종 성적이 하락하는가,FULL,full,full,bfs,True,True,8,4,8.006999991039265e-06,숙제를 제출하지 않는다>감점이 발생한다>과제 점수가 낮아진다>최종 성적이 하락한다,90,3,3,0,1.0,
숙제를 제출하지 않으면 왜 최종 성적이 하락하는가,2,top_k,naive_top_k,bfs,False,False,3,0,3.1920000083118794e-06,,2,3,0,3,0.0,감점이 발생한다->과제 점수가 낮아진다|과제 점수가 낮아진다->최종 성적이 하락한다|숙제를 제출하지 않는다->감점이 발생한다
숙제를 제출하지 않으면 왜 최종 성적이 하락하는가,2,top_k_expansion,top_k_expansion,bfs,False,False,6,0,6.35999998621628e-06,,7,3,1,2,0.3333333333333333,감점이 발생한다->과제 점수가 낮아진다|과제 점수가 낮아진다->최종 성적이 하락한다
숙제를 제출하지 않으면 왜 최종 성적이 하락하는가,3,top_k,naive_top_k,bfs,False,False,4,0,4.8219999939647096e-06,,3,3,0,3,0.0,감점이 발생한다->과제 점수가 낮아진다|과제 점수가 낮아진다->최종 성적이 하락한다|숙제를 제출하지 않는다->감점이 발생한다
숙제를 제출하지 않으면 왜 최종 성적이 하락하는가,3,top_k_expansion,top_k_expansion,bfs,False,False,6,0,5.939000004673289e-06,,7,3,1,2,0.3333333333333333,감점이 발생한다->과제 점수가 낮아진다|과제 점수가 낮아진다->최종 성적이 하락한다
숙제를 제출하지 않으면 왜 최종 성적이 하락하는가,4,top_k,naive_top_k,bfs,False,False,5,0,5.566000027101836e-06,,4,3,0,3,0.0,감점이 발생한다->과제 점수가 낮아진다|과제 점수가 낮아진다->최종 성적이 하락한다|숙제를 제출하지 않는다->감점이 발생한다
숙제를 제출하지 않으면 왜 최종 성적이 하락하는가,4,top_k_expansion,top_k_expansion,bfs,False,False,6,0,5.395000016505946e-06,,7,3,1,2,0.3333333333333333,감점이 발생한다->과제 점수가 낮아진다|과제 점수가 낮아진다->최종 성적이 하락한다
숙제를 제출하지 않으면 왜 최종 성적이 하락하는가,5,top_k,naive_top_k,bfs,False,False,6,0,4.588999985344344e-06,,5,3,1,2,0.3333333333333333,감점이 발생한다->과제 점수가 낮아진다|과제 점수가 낮아진다->최종 성적이 하락한다
숙제를 제출하지 않으면 왜 최종 성적이 하락하는가,5,top_k_expansion,top_k_expansion,bfs,False,False,7,0,6.339999998772328e-06,,8,3,2,1,0.6666666666666666,과제 점수가 낮아진다->최종 성적이 하락한다
숙제를 제출하지 않으면 왜 최종 성적이 하락하는가,6,top_k,naive_top_k,bfs,False,False,6,0,4.3729999958941335e-06,,6,3,2,1,0.6666666666666666,감점이 발생한다->과제 점수가 낮아진다
숙제를 제출하지 않으면 왜 최종 성적이 하락하는가,6,top_k_expansion,top_k_expansion,bfs,True,True,8,4,6.691999999475229e-06,숙제를 제출하지 않는다>감점이 발생한다>과제 점수가 낮아진다>최종 성적이 하락한다,9,3,3,0,1.0,
숙제를 제출하지 않으면 왜 최종 성적이 하락하는가,7,top_k,naive_top_k,bfs,False,False,6,0,5.5879999933949875e-06,,7,3,2,1,0.6666666666666666,감점이 발생한다->과제 점수가 낮아진다
숙제를 제출하지 않으면 왜 최종 성적이 하락하는가,7,top_k_expansion,top_k_expansion,bfs,True,True,8,4,5.272999999306194e-06,숙제를 제출하지 않는다>감점이 발생한다>과제 점수가 낮아진다>최종 성적이 하락한다,9,3,3,0,1.0,
숙제를 제출하지 않으면 왜 최종 성적이 하락하는가,8,top_k,naive_top_k,bfs,False,False,6,0,6.225000021231608e-06,,8,3,2,1,0.6666666666666666,감점이 발생한다->과제 점수가 낮아진다
숙제를 제출하지 않으면 왜 최종 성적이 하락하는가,8,top_k_expansion,top_k_expansion,bfs,True,True,8,4,5.990999994764934e-06,숙제를 제출하지 않는다>감점이 발생한다>과제 점수가 낮아진다>최종 성적이 하락한다,9,3,3,0,1.0,
숙제를 제출하지 않으면 왜 최종 성적이 하락하는가,9,top_k,naive_top_k,bfs,False,False,6,0,5.998000006002258e-06,,9,3,2,1,0.6666666666666666,감점이 발생한다->과제 점수가 낮아진다
숙제를 제출하지 않으면 왜 최종 성적이 하락하는가,9,top_k_expansion,top_k_expansion,bfs,True,True,8,4,5.9439999802179955e-06,숙제를 제출하지 않는다>감점이 발생한다>과제 점수가 낮아진다>최종 성적이 하락한다,16,3,3,0,1.0,
숙제를 제출하지 않으면 왜 최종 성적이 하락하는가,10,top_k,naive_top_k,bfs,False,False,6,0,5.441999974209466e-06,,10,3,2,1,0.6666666666666666,감점이 발생한다->과제 점수가 낮아진다
숙제를 제출하지 않으면 왜 최종 성적이 하락하는가,10,top_k_expansion,top_k_expansion,bfs,True,True,8,4,6.7379999961758585e-06,숙제를 제출하지 않는다>감점이 발생한다>과제 점수가 낮아진다>최종 성적이 하락한다,23,3,3,0,1.0,
숙제를 제출하지 않으면 왜 최종 성적이 하락하는가,15,top_k,naive_top_k,bfs,False,False,6,0,5.428999998002837e-06,,15,3,2,1,0.6666666666666666,감점이 발생한다->과제 점수가 낮아진다
숙제를 제출하지 않으면 왜 최종 성적이 하락하는가,15,top_k_expansion,top_k_expansion,bfs,True,True,8,4,6.665999990218552e-06,숙제를 제출하지 않는다>감점이 발생한다>과제 점수가 낮아진다>최종 성적이 하락한다,24,3,3,0,1.0,
숙제를 제출하지 않으면 왜 최종 성적이 하락하는가,20,top_k,naive_top_k,bfs,False,False,6,0,5.718000011256663e-06,,20,3,2,1,0.6666666666666666,감점이 발생한다->과제 점수가 낮아진다
숙제를 제출하지 않으면 왜 최종 성적이 하락하는가,20,top_k_expansion,top_k_expansion,bfs,True,True,8,4,7.16900001407339e-06,숙제를 제출하지 않는다>감점이 발생한다>과제 점수가 낮아진다>최종 성적이 하락한다,31,3,3,0,1.0,
숙제를 제출하지 않으면 왜 최종 성적이 하락하는가,30,top_k,naive_top_k,bfs,False,False,6,0,2.3932999994258353e-05,,30,3,2,1,0.6666666666666666,감점이 발생한다->과제 점수가 낮아진다
숙제를 제출하지 않으면 왜 최종 성적이 하락하는가,30,top_k_expansion,top_k_expansion,bfs,True,True,8,4,2.3249999998142812e-05,숙제를 제출하지 않는다>감점이 발생한다>과제 점수가 낮아진다>최종 성적이 하락한다,45,3,3,0,1.0,
숙제를 제출하지 않으면 왜 최종 성적이 하락하는가,40,top_k,naive_top_k,bfs,False,False,6,0,6.581999997479215e-06,,40,3,2,1,0.6666666666666666,감점이 발생한다->과제 점수가 낮아진다
숙제를 제출하지 않으면 왜 최종 성적이 하락하는가,40,top_k_expansion,top_k_expansion,bfs,True,True,8,4,6.267000003390422e-06,숙제를 제출하지 않는다>감점이 발생한다>과제 점수가 낮아진다>최종 성적이 하락한다,66,3,3,0,1.0,
숙제를 제출하지 않으면 왜 최종 성적이 하락하는가,60,top_k,naive_top_k,bfs,False,False,6,0,6.118999976933992e-06,,60,3,2,1,0.6666666666666666,감점이 발생한다->과제 점수가 낮아진다
숙제를 제출하지 않으면 왜 최종 성적이 하락하는가,60,top_k_expansion,top_k_expansion,bfs,True,True,8,4,7.21499998235231e-06,숙제를 제출하지 않는다>감점이 발생한다>과제 점수가 낮아진다>최종 성적이 하락한다,79,3,3,0,1.0,
숙제를 제출하지 않으면 왜 최종 성적이 하락하는가,70,top_k,naive_top_k,bfs,True,True,8,4,6.789999986267503e-06,숙제를 제출하지 않는다>감점이 발생한다>과제 점수가 낮아진다>최종 성적이 하락한다,70,3,3,0,1.0,
숙제를 제출하지 않으면 왜 최종 성적이 하락하는가,70,top_k_expansion,top_k_expansion,bfs,True,True,8,4,7.290999974429724e-06,숙제를 제출하지 않는다>감점이 발생한다>과제 점수가 낮아진다>최종 성적이 하락한다,83,3,3,0,1.0,
숙제를 제출하지 않으면 왜 최종 성적이 하락하는가,75,top_k,naive_top_k,bfs,True,True,8,4,6.370999983573711e-06,숙제를 제출하지 않는다>감점이 발생한다>과제 점수가 낮아진다>최종 성적이 하락한다,75,3,3,0,1.0,
숙제를 제출하지 않으면 왜 최종 성적이 하락하는가,75,top_k_expansion,top_k_expansion,bfs,True,True,8,4,7.487000004857691e-06,숙제를 제출하지 않는다>감점이 발생한다>과제 점수가 낮아진다>최종 성적이 하락한다,85,3,3,0,1.0,
숙제를 제출하지 않으면 왜 최종 성적이 하락하는가,78,top_k,naive_top_k,bfs,True,True,8,4,6.832999986272625e-06,숙제를 제출하지 않는다>감점이 발생한다>과제 점수가 낮아진다>최종 성적이 하락한다,78,3,3,0,1.0,
숙제를 제출하지 않으면 왜 최종 성적이 하락하는가,78,top_k_expansion,top_k_expansion,bfs,True,True,8,4,1.10779999999977e-05,숙제를 제출하지 않는다>감점이 발생한다>과제 점수가 낮아진다>최종 성적이 하락한다,85,3,3,0,1.0,
숙제를 제출하지 않으면 왜 최종 성적이 하락하는가,80,top_k,naive_top_k,bfs,True,True,8,4,7.79699999498007e-06,숙제를 제출하지 않는다>감점이 발생한다>과제 점수가 낮아진다>최종 성적이 하락한다,80,3,3,0,1.0,
숙제를 제출하지 않으면 왜 최종 성적이 하락하는가,80,top_k_expansion,top_k_expansion,bfs,True,True,8,4,7.1749999790426955e-06,숙제를 제출하지 않는다>감점이 발생한다>과제 점수가 낮아진다>최종 성적이 하락한다,87,3,3,0,1.0,
숙제를 제출하지 않으면 왜 최종 성적이 하락하는가,82,top_k,naive_top_k,bfs,True,True,8,4,6.882000008090472e-06,숙제를 제출하지 않는다>감점이 발생한다>과제 점수가 낮아진다>최종 성적이 하락한다,82,3,3,0,1.0,
숙제를 제출하지 않으면 왜 최종 성적이 하락하는가,82,top_k_expansion,top_k_expansion,bfs,True,True,8,4,7.063999987622083e-06,숙제를 제출하지 않는다>감점이 발생한다>과제 점수가 낮아진다>최종 성적이 하락한다,87,3,3,0,1.0,
숙제를 제출하지 않으면 왜 최종 성적이 하락하는가,84,top_k,naive_top_k,bfs,True,True,8,4,6.769000009398951e-06,숙제를 제출하지 않는다>감점이 발생한다>과제 점수가 낮아진다>최종 성적이 하락한다,84,3,3,0,1.0,
숙제를 제출하지 않으면 왜 최종 성적이 하락하는가,84,top_k_expansion,top_k_expansion,bfs,True,True,8,4,7.831999994323269e-06,숙제를 제출하지 않는다>감점이 발생한다>과제 점수가 낮아진다>최종 성적이 하락한다,88,3,3,0,1.0,
숙제를 제출하지 않으면 왜 최종 성적이 하락하는가,85,top_k,naive_top_k,bfs,True,True,8,4,2.6662999999871317e-05,숙제를 제출하지 않는다>감점이 발생한다>과제 점수가 낮아진다>최종 성적이 하락한다,85,3,3,0,1.0,
숙제를 제출하지 않으면 왜 최종 성적이 하락하는가,85,top_k_expansion,top_k_expansion,bfs,True,True,8,4,7.428999992953322e-06,숙제를 제출하지 않는다>감점이 발생한다>과제 점수가 낮아진다>최종 성적이 하락한다,88,3,3,0,1.0,
숙제를 제출하지 않으면 왜 최종 성적이 하락하는가,86,top_k,naive_top_k,bfs,True,True,8,4,6.979000005458147e-06,숙제를 제출하지 않는다>감점이 발생한다>과제 점수가 낮아진다>최종 성적이 하락한다,86,3,3,0,1.0,
숙제를 제출하지 않으면 왜 최종 성적이 하락하는가,86,top_k_expansion,top_k_expansion,bfs,True,True,8,4,7.584000002225366e-06,숙제를 제출하지 않는다>감점이 발생한다>과제 점수가 낮아진다>최종 성적이 하락한다,89,3,3,0,1.0,
숙제를 제출하지 않으면 왜 최종 성적이 하락하는가,87,top_k,naive_top_k,bfs,True,True,8,4,5.786999992096753e-06,숙제를 제출하지 않는다>감점이 발생한다>과제 점수가 낮아진다>최종 성적이 하락한다,87,3,3,0,1.0,
숙제를 제출하지 않으면 왜 최종 성적이 하락하는가,87,top_k_expansion,top_k_expansion,bfs,True,True,8,4,6.678000005422291e-06,숙제를 제출하지 않는다>감점이 발생한다>과제 점수가 낮아진다>최종 성적이 하락한다,90,3,3,0,1.0,
숙제를 제출하지 않으면 왜 최종 성적이 하락하는가,88,top_k,naive_top_k,bfs,True,True,8,4,7.46599999956743e-06,숙제를 제출하지 않는다>감점이 발생한다>과제 점수가 낮아진다>최종 성적이 하락한다,88,3,3,0,1.0,
숙제를 제출하지 않으면 왜 최종 성적이 하락하는가,88,top_k_expansion,top_k_expansion,bfs,True,True,8,4,6.019000011292519e-06,숙제를 제출하지 않는다>감점이 발생한다>과제 점수가 낮아진다>최종 성적이 하락한다,90,3,3,0,1.0,
숙제를 제출하지 않으면 왜 최종 성적이 하락하는가,89,top_k,naive_top_k,bfs,True,True,8,4,7.404000001542954e-06,숙제를 제출하지 않는다>감점이 발생한다>과제 점수가 낮아진다>최종 성적이 하락한다,89,3,3,0,1.0,
숙제를 제출하지 않으면 왜 최종 성적이 하락하는가,89,top_k_expansion,top_k_expansion,bfs,True,True,8,4,6.5680000034262775e-06,숙제를 제출하지 않는다>감점이 발생한다>과제 점수가 낮아진다>최종 성적이 하락한다,90,3,3,0,1.0,
숙제를 제출하지 않으면 왜 최종 성적이 하락하는가,90,top_k,naive_top_k,bfs,True,True,8,4,7.5560000141194905e-06,숙제를 제출하지 않는다>감점이 발생한다>과제 점수가 낮아진다>최종 성적이 하락한다,90,3,3,0,1.0,
숙제를 제출하지 않으면 왜 최종 성적이 하락하는가,90,top_k_expansion,top_k_expansion,bfs,True,True,8,4,5.973000014591889e-06,숙제를 제출하지 않는다>감점이 발생한다>과제 점수가 낮아진다>최종 성적이 하락한다,90,3,3,0,1.0,
숙제를 제출하지 않으면 왜 최종 성적이 하락하는가,95,top_k,naive_top_k,bfs,True,True,8,4,7.430000010799631e-06,숙제를 제출하지 않는다>감점이 발생한다>과제 점수가 낮아진다>최종 성적이 하락한다,90,3,3,0,1.0,
숙제를 제출하지 않으면 왜 최종 성적이 하락하는가,95,top_k_expansion,top_k_expansion,bfs,True,True,8,4,6.752999979653396e-06,숙제를 제출하지 않는다>감점이 발생한다>과제 점수가 낮아진다>최종 성적이 하락한다,90,3,3,0,1.0,
숙제를 제출하지 않으면 왜 최종 성적이 하락하는가,100,top_k,naive_top_k,bfs,True,True,8,4,7.234000008793373e-06,숙제를 제출하지 않는다>감점이 발생한다>과제 점수가 낮아진다>최종 성적이 하락한다,90,3,3,0,1.0,
숙제를 제출하지 않으면 왜 최종 성적이 하락하는가,100,top_k_expansion,top_k_expansion,bfs,True,True,8,4,9.680999994543527e-06,숙제를 제출하지 않는다>감점이 발생한다>과제 점수가 낮아진다>최종 성적이 하락한다,90,3,3,0,1.0,
서버 메모리가 부족하면 왜 사용자 요청이 실패하는가,FULL,full,full,bfs,True,True,8,4,8.091000012200311e-06,서버 메모리가 부족하다>프로세스가 느려진다>응답 시간이 증가한다>사용자 요청이 실패한다,90,3,3,0,1.0,
서버 메모리가 부족하면 왜 사용자 요청이 실패하는가,2,top_k,naive_top_k,bfs,False,False,3,0,4.602999979397282e-06,,2,3,0,3,0.0,서버 메모리가 부족하다->프로세스가 느려진다|응답 시간이 증가한다->사용자 요청이 실패한다|프로세스가 느려진다->응답 시간이 증가한다
서버 메모리가 부족하면 왜 사용자 요청이 실패하는가,2,top_k_expansion,top_k_expansion,bfs,False,False,6,0,5.662999996047802e-06,,7,3,1,2,0.3333333333333333,응답 시간이 증가한다->사용자 요청이 실패한다|프로세스가 느려진다->응답 시간이 증가한다
서버 메모리가 부족하면 왜 사용자 요청이 실패하는가,3,top_k,naive_top_k,bfs,False,False,4,0,4.762999992635741e-06,,3,3,0,3,0.0,서버 메모리가 부족하다->프로세스가 느려진다|응답 시간이 증가한다->사용자 요청이 실패한다|프로세스가 느려진다->응답 시간이 증가한다
서버 메모리가 부족하면 왜 사용자 요청이 실패하는가,3,top_k_expansion,top_k_expansion,bfs,False,False,6,0,4.883000002564586e-06,,7,3,1,2,0.3333333333333333,응답 시간이 증가한다->사용자 요청이 실패한다|프로세스가 느려진다->응답 시간이 증가한다
서버 메모리가 부족하면 왜 사용자 요청이 실패하는가,4,top_k,naive_top_k,bfs,False,False,5,0,4.311999987294257e-06,,4,3,0,3,0.0,서버 메모리가 부족하다->프로세스가 느려진다|응답 시간이 증가한다->사용자 요청이 실패한다|프로세스가 느려진다->응답 시간이 증가한다
서버 메모리가 부족하면 왜 사용자 요청이 실패하는가,4,top_k_expansion,top_k_expansion,bfs,False,False,6,0,8.75499998187479e-06,,7,3,1,2,0.3333333333333333,응답 시간이 증가한다->사용자 요청이 실패한다|프로세스가 느려진다->응답 시간이 증가한다
서버 메모리가 부족하면 왜 사용자 요청이 실패하는가,5,top_k,naive_top_k,bfs,False,False,6,0,5.947000005335212e-06,,5,3,1,2,0.3333333333333333,응답 시간이 증가한다->사용자 요청이 실패한다|프로세스가 느려진다->응답 시간이 증가한다
서버 메모리가 부족하면 왜 사용자 요청이 실패하는가,5,top_k_expansion,top_k_expansion,bfs,False,False,7,0,6.5370000186248944e-06,,8,3,2,1,0.6666666666666666,응답 시간이 증가한다->사용자 요청이 실패한다
서버 메모리가 부족하면 왜 사용자 요청이 실패하는가,6,top_k,naive_top_k,bfs,False,False,6,0,4.2839999991883815e-06,,6,3,2,1,0.6666666666666666,프로세스가 느려진다->응답 시간이 증가한다
서버 메모리가 부족하면 왜 사용자 요청이 실패하는가,6,top_k_expansion,top_k_expansion,bfs,True,True,8,4,6.3279999835685885e-06,서버 메모리가 부족하다>프로세스가 느려진다>응답 시간이 증가한다>사용자 요청이 실패한다,9,3,3,0,1.0,
서버 메모리가 부족하면 왜 사용자 요청이 실패하는가,7,top_k,naive_top_k,bfs,False,False,6,0,6.014999996750703e-06,,7,3,2,1,0.6666666666666666,프로세스가 느려진다->응답 시간이 증가한다
서버 메모리가 부족하면 왜 사용자 요청이 실패하는가,7,top_k_expansion,top_k_expansion,bfs,True,True,8,4,6.046000009973795e-06,서버 메모리가 부족하다>프로세스가 느려진다>응답 시간이 증가한다>사용자 요청이 실패한다,9,3,3,0,1.0,
서버 메모리가 부족하면 왜 사용자 요청이 실패하는가,8,top_k,naive_top_k,bfs,False,False,6,0,5.95000000203072e-06,,8,3,2,1,0.6666666666666666,프로세스가 느려진다->응답 시간이 증가한다
서버 메모리가 부족하면 왜 사용자 요청이 실패하는가,8,top_k_expansion,top_k_expansion,bfs,True,True,8,4,8.453000020836043e-06,서버 메모리가 부족하다>프로세스가 느려진다>응답 시간이 증가한다>사용자 요청이 실패한다,9,3,3,0,1.0,
서버 메모리가 부족하면 왜 사용자 요청이 실패하는가,9,top_k,naive_top_k,bfs,False,False,6,0,5.958000002692643e-06,,9,3,2,1,0.6666666666666666,프로세스가 느려진다->응답 시간이 증가한다
서버 메모리가 부족하면 왜 사용자 요청이 실패하는가,9,top_k_expansion,top_k_expansion,bfs,True,True,8,4,5.533999996032435e-06,서버 메모리가 부족하다>프로세스가 느려진다>응답 시간이 증가한다>사용자 요청이 실패한다,16,3,3,0,1.0,
서버 메모리가 부족하면 왜 사용자 요청이 실패하는가,10,top_k,naive_top_k,bfs,False,False,6,0,2.102799999192939e-05,,10,3,2,1,0.6666666666666666,프로세스가 느려진다->응답 시간이 증가한다
서버 메모리가 부족하면 왜 사용자 요청이 실패하는가,10,top_k_expansion,top_k_expansion,bfs,True,True,8,4,6.382000009352851e-06,서버 메모리가 부족하다>프로세스가 느려진다>응답 시간이 증가한다>사용자 요청이 실패한다,16,3,3,0,1.0,
서버 메모리가 부족하면 왜 사용자 요청이 실패하는가,15,top_k,naive_top_k,bfs,False,False,6,0,7.935000013503668e-06,,15,3,2,1,0.6666666666666666,프로세스가 느려진다->응답 시간이 증가한다
서버 메모리가 부족하면 왜 사용자 요청이 실패하는가,15,top_k_expansion,top_k_expansion,bfs,True,True,8,4,6.318999993482066e-06,서버 메모리가 부족하다>프로세스가 느려진다>응답 시간이 증가한다>사용자 요청이 실패한다,17,3,3,0,1.0,
서버 메모리가 부족하면 왜 사용자 요청이 실패하는가,20,top_k,naive_top_k,bfs,False,False,6,0,5.189999995991457e-06,,20,3,2,1,0.6666666666666666,프로세스가 느려진다->응답 시간이 증가한다
서버 메모리가 부족하면 왜 사용자 요청이 실패하는가,20,top_k_expansion,top_k_expansion,bfs,True,True,8,4,1.592499998537278e-05,서버 메모리가 부족하다>프로세스가 느려진다>응답 시간이 증가한다>사용자 요청이 실패한다,29,3,3,0,1.0,
서버 메모리가 부족하면 왜 사용자 요청이 실패하는가,30,top_k,naive_top_k,bfs,False,False,6,0,5.168000001276596e-06,,30,3,2,1,0.6666666666666666,프로세스가 느려진다->응답 시간이 증가한다
서버 메모리가 부족하면 왜 사용자 요청이 실패하는가,30,top_k_expansion,top_k_expansion,bfs,True,True,8,4,6.179999985533868e-06,서버 메모리가 부족하다>프로세스가 느려진다>응답 시간이 증가한다>사용자 요청이 실패한다,43,3,3,0,1.0,
서버 메모리가 부족하면 왜 사용자 요청이 실패하는가,40,top_k,naive_top_k,bfs,False,False,6,0,6.324000025870191e-06,,40,3,2,1,0.6666666666666666,프로세스가 느려진다->응답 시간이 증가한다
서버 메모리가 부족하면 왜 사용자 요청이 실패하는가,40,top_k_expansion,top_k_expansion,bfs,True,True,8,4,6.289999987529882e-06,서버 메모리가 부족하다>프로세스가 느려진다>응답 시간이 증가한다>사용자 요청이 실패한다,63,3,3,0,1.0,
서버 메모리가 부족하면 왜 사용자 요청이 실패하는가,60,top_k,naive_top_k,bfs,False,False,6,0,6.473000013329511e-06,,60,3,2,1,0.6666666666666666,프로세스가 느려진다->응답 시간이 증가한다
서버 메모리가 부족하면 왜 사용자 요청이 실패하는가,60,top_k_expansion,top_k_expansion,bfs,True,True,8,4,8.984999993799647e-06,서버 메모리가 부족하다>프로세스가 느려진다>응답 시간이 증가한다>사용자 요청이 실패한다,81,3,3,0,1.0,
서버 메모리가 부족하면 왜 사용자 요청이 실패하는가,70,top_k,naive_top_k,bfs,True,True,8,4,8.350000001655644e-06,서버 메모리가 부족하다>프로세스가 느려진다>응답 시간이 증가한다>사용자 요청이 실패한다,70,3,3,0,1.0,
서버 메모리가 부족하면 왜 사용자 요청이 실패하는가,70,top_k_expansion,top_k_expansion,bfs,True,True,8,4,7.151999994903235e-06,서버 메모리가 부족하다>프로세스가 느려진다>응답 시간이 증가한다>사용자 요청이 실패한다,84,3,3,0,1.0,
서버 메모리가 부족하면 왜 사용자 요청이 실패하는가,75,top_k,naive_top_k,bfs,True,True,8,4,7.576000001563443e-06,서버 메모리가 부족하다>프로세스가 느려진다>응답 시간이 증가한다>사용자 요청이 실패한다,75,3,3,0,1.0,
서버 메모리가 부족하면 왜 사용자 요청이 실패하는가,75,top_k_expansion,top_k_expansion,bfs,True,True,8,4,6.983000019999963e-06,서버 메모리가 부족하다>프로세스가 느려진다>응답 시간이 증가한다>사용자 요청이 실패한다,86,3,3,0,1.0,
서버 메모리가 부족하면 왜 사용자 요청이 실패하는가,78,top_k,naive_top_k,bfs,True,True,8,4,7.769000006874194e-06,서버 메모리가 부족하다>프로세스가 느려진다>응답 시간이 증가한다>사용자 요청이 실패한다,78,3,3,0,1.0,
서버 메모리가 부족하면 왜 사용자 요청이 실패하는가,78,top_k_expansion,top_k_expansion,bfs,True,True,8,4,6.454000015310157e-06,서버 메모리가 부족하다>프로세스가 느려진다>응답 시간이 증가한다>사용자 요청이 실패한다,88,3,3,0,1.0,
서버 메모리가 부족하면 왜 사용자 요청이 실패하는가,80,top_k,naive_top_k,bfs,True,True,8,4,6.248000005371068e-06,서버 메모리가 부족하다>프로세스가 느려진다>응답 시간이 증가한다>사용자 요청이 실패한다,80,3,3,0,1.0,
서버 메모리가 부족하면 왜 사용자 요청이 실패하는가,80,top_k_expansion,top_k_expansion,bfs,True,True,8,4,7.035000010091608e-06,서버 메모리가 부족하다>프로세스가 느려진다>응답 시간이 증가한다>사용자 요청이 실패한다,88,3,3,0,1.0,
서버 메모리가 부족하면 왜 사용자 요청이 실패하는가,82,top_k,naive_top_k,bfs,True,True,8,4,6.240999994133745e-06,서버 메모리가 부족하다>프로세스가 느려진다>응답 시간이 증가한다>사용자 요청이 실패한다,82,3,3,0,1.0,
서버 메모리가 부족하면 왜 사용자 요청이 실패하는가,82,top_k_expansion,top_k_expansion,bfs,True,True,8,4,7.259999989628341e-06,서버 메모리가 부족하다>프로세스가 느려진다>응답 시간이 증가한다>사용자 요청이 실패한다,88,3,3,0,1.0,
서버 메모리가 부족하면 왜 사용자 요청이 실패하는가,84,top_k,naive_top_k,bfs,True,True,8,4,6.411999976307925e-06,서버 메모리가 부족하다>프로세스가 느려진다>응답 시간이 증가한다>사용자 요청이 실패한다,84,3,3,0,1.0,
서버 메모리가 부족하면 왜 사용자 요청이 실패하는가,84,top_k_expansion,top_k_expansion,bfs,True,True,8,4,6.9989999929021e-06,서버 메모리가 부족하다>프로세스가 느려진다>응답 시간이 증가한다>사용자 요청이 실패한다,88,3,3,0,1.0,
서버 메모리가 부족하면 왜 사용자 요청이 실패하는가,85,top_k,naive_top_k,bfs,True,True,8,4,6.8269999928816105e-06,서버 메모리가 부족하다>프로세스가 느려진다>응답 시간이 증가한다>사용자 요청이 실패한다,85,3,3,0,1.0,
서버 메모리가 부족하면 왜 사용자 요청이 실패하는가,85,top_k_expansion,top_k_expansion,bfs,True,True,8,4,8.477999983824702e-06,서버 메모리가 부족하다>프로세스가 느려진다>응답 시간이 증가한다>사용자 요청이 실패한다,88,3,3,0,1.0,
서버 메모리가 부족하면 왜 사용자 요청이 실패하는가,86,top_k,naive_top_k,bfs,True,True,8,4,9.464000015668717e-06,서버 메모리가 부족하다>프로세스가 느려진다>응답 시간이 증가한다>사용자 요청이 실패한다,86,3,3,0,1.0,
서버 메모리가 부족하면 왜 사용자 요청이 실패하는가,86,top_k_expansion,top_k_expansion,bfs,True,True,8,4,7.75000000885484e-06,서버 메모리가 부족하다>프로세스가 느려진다>응답 시간이 증가한다>사용자 요청이 실패한다,89,3,3,0,1.0,
서버 메모리가 부족하면 왜 사용자 요청이 실패하는가,87,top_k,naive_top_k,bfs,True,True,8,4,6.710000008069983e-06,서버 메모리가 부족하다>프로세스가 느려진다>응답 시간이 증가한다>사용자 요청이 실패한다,87,3,3,0,1.0,
서버 메모리가 부족하면 왜 사용자 요청이 실패하는가,87,top_k_expansion,top_k_expansion,bfs,True,True,8,4,6.31499997894025e-06,서버 메모리가 부족하다>프로세스가 느려진다>응답 시간이 증가한다>사용자 요청이 실패한다,90,3,3,0,1.0,
서버 메모리가 부족하면 왜 사용자 요청이 실패하는가,88,top_k,naive_top_k,bfs,True,True,8,4,7.155999981023342e-06,서버 메모리가 부족하다>프로세스가 느려진다>응답 시간이 증가한다>사용자 요청이 실패한다,88,3,3,0,1.0,
서버 메모리가 부족하면 왜 사용자 요청이 실패하는가,88,top_k_expansion,top_k_expansion,bfs,True,True,8,4,6.657999989556629e-06,서버 메모리가 부족하다>프로세스가 느려진다>응답 시간이 증가한다>사용자 요청이 실패한다,90,3,3,0,1.0,
서버 메모리가 부족하면 왜 사용자 요청이 실패하는가,89,top_k,naive_top_k,bfs,True,True,8,4,7.715000009511641e-06,서버 메모리가 부족하다>프로세스가 느려진다>응답 시간이 증가한다>사용자 요청이 실패한다,89,3,3,0,1.0,
서버 메모리가 부족하면 왜 사용자 요청이 실패하는가,89,top_k_expansion,top_k_expansion,bfs,True,True,8,4,6.585999983599322e-06,서버 메모리가 부족하다>프로세스가 느려진다>응답 시간이 증가한다>사용자 요청이 실패한다,90,3,3,0,1.0,
서버 메모리가 부족하면 왜 사용자 요청이 실패하는가,90,top_k,naive_top_k,bfs,True,True,8,4,5.9879999980694265e-06,서버 메모리가 부족하다>프로세스가 느려진다>응답 시간이 증가한다>사용자 요청이 실패한다,90,3,3,0,1.0,
서버 메모리가 부족하면 왜 사용자 요청이 실패하는가,90,top_k_expansion,top_k_expansion,bfs,True,True,8,4,2.713899999662317e-05,서버 메모리가 부족하다>프로세스가 느려진다>응답 시간이 증가한다>사용자 요청이 실패한다,90,3,3,0,1.0,
서버 메모리가 부족하면 왜 사용자 요청이 실패하는가,95,top_k,naive_top_k,bfs,True,True,8,4,6.538999997474093e-06,서버 메모리가 부족하다>프로세스가 느려진다>응답 시간이 증가한다>사용자 요청이 실패한다,90,3,3,0,1.0,
서버 메모리가 부족하면 왜 사용자 요청이 실패하는가,95,top_k_expansion,top_k_expansion,bfs,True,True,8,4,7.814999975153114e-06,서버 메모리가 부족하다>프로세스가 느려진다>응답 시간이 증가한다>사용자 요청이 실패한다,90,3,3,0,1.0,
서버 메모리가 부족하면 왜 사용자 요청이 실패하는가,100,top_k,naive_top_k,bfs,True,True,8,4,2.2780999984206574e-05,서버 메모리가 부족하다>프로세스가 느려진다>응답 시간이 증가한다>사용자 요청이 실패한다,90,3,3,0,1.0,
서버 메모리가 부족하면 왜 사용자 요청이 실패하는가,100,top_k_expansion,top_k_expansion,bfs,True,True,8,4,7.206999981690387e-06,서버 메모리가 부족하다>프로세스가 느려진다>응답 시간이 증가한다>사용자 요청이 실패한다,90,3,3,0,1.0,
매출이 감소하면 왜 투자 계획이 연기되는가,FULL,full,full,bfs,True,True,8,4,7.890999995652237e-06,매출이 감소한다>현금 유입이 줄어든다>운영 자금이 부족하다>투자 계획이 연기된다,90,3,3,0,1.0,
매출이 감소하면 왜 투자 계획이 연기되는가,2,top_k,naive_top_k,bfs,False,False,2,0,2.8899999904297147e-06,,2,3,1,2,0.3333333333333333,매출이 감소한다->현금 유입이 줄어든다|현금 유입이 줄어든다->운영 자금이 부족하다
매출이 감소하면 왜 투자 계획이 연기되는가,2,top_k_expansion,top_k_expansion,bfs,True,True,8,4,7.018000019343162e-06,매출이 감소한다>현금 유입이 줄어든다>운영 자금이 부족하다>투자 계획이 연기된다,9,3,3,0,1.0,
매출이 감소하면 왜 투자 계획이 연기되는가,3,top_k,naive_top_k,bfs,False,False,3,0,3.886000001784851e-06,,3,3,1,2,0.3333333333333333,매출이 감소한다->현금 유입이 줄어든다|현금 유입이 줄어든다->운영 자금이 부족하다
매출이 감소하면 왜 투자 계획이 연기되는가,3,top_k_expansion,top_k_expansion,bfs,True,True,8,4,2.4064000001544628e-05,매출이 감소한다>현금 유입이 줄어든다>운영 자금이 부족하다>투자 계획이 연기된다,9,3,3,0,1.0,
매출이 감소하면 왜 투자 계획이 연기되는가,4,top_k,naive_top_k,bfs,False,False,4,0,4.333999982009118e-06,,4,3,1,2,0.3333333333333333,매출이 감소한다->현금 유입이 줄어든다|현금 유입이 줄어든다->운영 자금이 부족하다
매출이 감소하면 왜 투자 계획이 연기되는가,4,top_k_expansion,top_k_expansion,bfs,True,True,8,4,6.839999997509949e-06,매출이 감소한다>현금 유입이 줄어든다>운영 자금이 부족하다>투자 계획이 연기된다,9,3,3,0,1.0,
매출이 감소하면 왜 투자 계획이 연기되는가,5,top_k,naive_top_k,bfs,False,False,5,0,4.945999990013661e-06,,5,3,1,2,0.3333333333333333,매출이 감소한다->현금 유입이 줄어든다|현금 유입이 줄어든다->운영 자금이 부족하다
매출이 감소하면 왜 투자 계획이 연기되는가,5,top_k_expansion,top_k_expansion,bfs,True,True,8,4,6.992999999511085e-06,매출이 감소한다>현금 유입이 줄어든다>운영 자금이 부족하다>투자 계획이 연기된다,9,3,3,0,1.0,
매출이 감소하면 왜 투자 계획이 연기되는가,6,top_k,naive_top_k,bfs,False,False,6,0,4.4459999912760395e-06,,6,3,2,1,0.6666666666666666,현금 유입이 줄어든다->운영 자금이 부족하다
매출이 감소하면 왜 투자 계획이 연기되는가,6,top_k_expansion,top_k_expansion,bfs,True,True,8,4,2.2342000022490538e-05,매출이 감소한다>현금 유입이 줄어든다>운영 자금이 부족하다>투자 계획이 연기된다,9,3,3,0,1.0,
매출이 감소하면 왜 투자 계획이 연기되는가,7,top_k,naive_top_k,bfs,False,False,6,0,9.856000019681233e-06,,7,3,2,1,0.6666666666666666,현금 유입이 줄어든다->운영 자금이 부족하다
매출이 감소하면 왜 투자 계획이 연기되는가,7,top_k_expansion,top_k_expansion,bfs,True,True,8,4,9.75599999719634e-06,매출이 감소한다>현금 유입이 줄어든다>운영 자금이 부족하다>투자 계획이 연기된다,9,3,3,0,1.0,
매출이 감소하면 왜 투자 계획이 연기되는가,8,top_k,naive_top_k,bfs,False,False,6,0,6.267999992815021e-06,,8,3,2,1,0.6666666666666666,현금 유입이 줄어든다->운영 자금이 부족하다
매출이 감소하면 왜 투자 계획이 연기되는가,8,top_k_expansion,top_k_expansion,bfs,True,True,8,4,6.388999992168465e-06,매출이 감소한다>현금 유입이 줄어든다>운영 자금이 부족하다>투자 계획이 연기된다,9,3,3,0,1.0,
매출이 감소하면 왜 투자 계획이 연기되는가,9,top_k,naive_top_k,bfs,False,False,6,0,6.847000008747273e-06,,9,3,2,1,0.6666666666666666,현금 유입이 줄어든다->운영 자금이 부족하다
매출이 감소하면 왜 투자 계획이 연기되는가,9,top_k_expansion,top_k_expansion,bfs,True,True,8,4,6.099000017911749e-06,매출이 감소한다>현금 유입이 줄어든다>운영 자금이 부족하다>투자 계획이 연기된다,16,3,3,0,1.0,
매출이 감소하면 왜 투자 계획이 연기되는가,10,top_k,naive_top_k,bfs,False,False,6,0,6.958999989592485e-06,,10,3,2,1,0.6666666666666666,현금 유입이 줄어든다->운영 자금이 부족하다
매출이 감소하면 왜 투자 계획이 연기되는가,10,top_k_expansion,top_k_expansion,bfs,True,True,8,4,2.6791999999886684e-05,매출이 감소한다>현금 유입이 줄어든다>운영 자금이 부족하다>투자 계획이 연기된다,16,3,3,0,1.0,
매출이 감소하면 왜 투자 계획이 연기되는가,15,top_k,naive_top_k,bfs,False,False,6,0,5.696999977544692e-06,,15,3,2,1,0.6666666666666666,현금 유입이 줄어든다->운영 자금이 부족하다
매출이 감소하면 왜 투자 계획이 연기되는가,15,top_k_expansion,top_k_expansion,bfs,True,True,8,4,7.455999991634599e-06,매출이 감소한다>현금 유입이 줄어든다>운영 자금이 부족하다>투자 계획이 연기된다,23,3,3,0,1.0,
매출이 감소하면 왜 투자 계획이 연기되는가,20,top_k,naive_top_k,bfs,False,False,6,0,5.9619999888127495e-06,,20,3,2,1,0.6666666666666666,현금 유입이 줄어든다->운영 자금이 부족하다
매출이 감소하면 왜 투자 계획이 연기되는가,20,top_k_expansion,top_k_expansion,bfs,True,True,8,4,7.000000010748408e-06,매출이 감소한다>현금 유입이 줄어든다>운영 자금이 부족하다>투자 계획이 연기된다,30,3,3,0,1.0,
매출이 감소하면 왜 투자 계획이 연기되는가,30,top_k,naive_top_k,bfs,False,False,6,0,5.772000008619216e-06,,30,3,2,1,0.6666666666666666,현금 유입이 줄어든다->운영 자금이 부족하다
매출이 감소하면 왜 투자 계획이 연기되는가,30,top_k_expansion,top_k_expansion,bfs,True,True,8,4,1.2334999979657368e-05,매출이 감소한다>현금 유입이 줄어든다>운영 자금이 부족하다>투자 계획이 연기된다,51,3,3,0,1.0,
매출이 감소하면 왜 투자 계획이 연기되는가,40,top_k,naive_top_k,bfs,False,False,6,0,5.8520000152384455e-06,,40,3,2,1,0.6666666666666666,현금 유입이 줄어든다->운영 자금이 부족하다
매출이 감소하면 왜 투자 계획이 연기되는가,40,top_k_expansion,top_k_expansion,bfs,True,True,8,4,6.842000004780857e-06,매출이 감소한다>현금 유입이 줄어든다>운영 자금이 부족하다>투자 계획이 연기된다,65,3,3,0,1.0,
매출이 감소하면 왜 투자 계획이 연기되는가,60,top_k,naive_top_k,bfs,False,False,6,0,6.423999991511664e-06,,60,3,2,1,0.6666666666666666,현금 유입이 줄어든다->운영 자금이 부족하다
매출이 감소하면 왜 투자 계획이 연기되는가,60,top_k_expansion,top_k_expansion,bfs,True,True,8,4,7.918000022755223e-06,매출이 감소한다>현금 유입이 줄어든다>운영 자금이 부족하다>투자 계획이 연기된다,79,3,3,0,1.0,
매출이 감소하면 왜 투자 계획이 연기되는가,70,top_k,naive_top_k,bfs,True,True,8,4,2.1801000002596993e-05,매출이 감소한다>현금 유입이 줄어든다>운영 자금이 부족하다>투자 계획이 연기된다,70,3,3,0,1.0,
매출이 감소하면 왜 투자 계획이 연기되는가,70,top_k_expansion,top_k_expansion,bfs,True,True,8,4,7.06699998431759e-06,매출이 감소한다>현금 유입이 줄어든다>운영 자금이 부족하다>투자 계획이 연기된다,82,3,3,0,1.0,
매출이 감소하면 왜 투자 계획이 연기되는가,75,top_k,naive_top_k,bfs,True,True,8,4,7.132999996883882e-06,매출이 감소한다>현금 유입이 줄어든다>운영 자금이 부족하다>투자 계획이 연기된다,75,3,3,0,1.0,
매출이 감소하면 왜 투자 계획이 연기되는가,75,top_k_expansion,top_k_expansion,bfs,True,True,8,4,9.406999993188947e-06,매출이 감소한다>현금 유입이 줄어든다>운영 자금이 부족하다>투자 계획이 연기된다,84,3,3,0,1.0,
매출이 감소하면 왜 투자 계획이 연기되는가,78,top_k,naive_top_k,bfs,True,True,8,4,5.44799999602219e-06,매출이 감소한다>현금 유입이 줄어든다>운영 자금이 부족하다>투자 계획이 연기된다,78,3,3,0,1.0,
매출이 감소하면 왜 투자 계획이 연기되는가,78,top_k_expansion,top_k_expansion,bfs,True,True,8,4,6.755000015346013e-06,매출이 감소한다>현금 유입이 줄어든다>운영 자금이 부족하다>투자 계획이 연기된다,86,3,3,0,1.0,
매출이 감소하면 왜 투자 계획이 연기되는가,80,top_k,naive_top_k,bfs,True,True,8,4,6.417999998120649e-06,매출이 감소한다>현금 유입이 줄어든다>운영 자금이 부족하다>투자 계획이 연기된다,80,3,3,0,1.0,
매출이 감소하면 왜 투자 계획이 연기되는가,80,top_k_expansion,top_k_expansion,bfs,True,True,8,4,6.449000011343742e-06,매출이 감소한다>현금 유입이 줄어든다>운영 자금이 부족하다>투자 계획이 연기된다,86,3,3,0,1.0,
매출이 감소하면 왜 투자 계획이 연기되는가,82,top_k,naive_top_k,bfs,True,True,8,4,6.58800001929194e-06,매출이 감소한다>현금 유입이 줄어든다>운영 자금이 부족하다>투자 계획이 연기된다,82,3,3,0,1.0,
매출이 감소하면 왜 투자 계획이 연기되는가,82,top_k_expansion,top_k_expansion,bfs,True,True,8,4,6.89600000214341e-06,매출이 감소한다>현금 유입이 줄어든다>운영 자금이 부족하다>투자 계획이 연기된다,88,3,3,0,1.0,
매출이 감소하면 왜 투자 계획이 연기되는가,84,top_k,naive_top_k,bfs,True,True,8,4,7.0330000028207e-06,매출이 감소한다>현금 유입이 줄어든다>운영 자금이 부족하다>투자 계획이 연기된다,84,3,3,0,1.0,
매출이 감소하면 왜 투자 계획이 연기되는가,84,top_k_expansion,top_k_expansion,bfs,True,True,8,4,9.263000009696043e-06,매출이 감소한다>현금 유입이 줄어든다>운영 자금이 부족하다>투자 계획이 연기된다,88,3,3,0,1.0,
매출이 감소하면 왜 투자 계획이 연기되는가,85,top_k,naive_top_k,bfs,True,True,8,4,7.573000004867936e-06,매출이 감소한다>현금 유입이 줄어든다>운영 자금이 부족하다>투자 계획이 연기된다,85,3,3,0,1.0,
매출이 감소하면 왜 투자 계획이 연기되는가,85,top_k_expansion,top_k_expansion,bfs,True,True,8,4,7.554999996273182e-06,매출이 감소한다>현금 유입이 줄어든다>운영 자금이 부족하다>투자 계획이 연기된다,88,3,3,0,1.0,
매출이 감소하면 왜 투자 계획이 연기되는가,86,top_k,naive_top_k,bfs,True,True,8,4,6.344000013314144e-06,매출이 감소한다>현금 유입이 줄어든다>운영 자금이 부족하다>투자 계획이 연기된다,86,3,3,0,1.0,
매출이 감소하면 왜 투자 계획이 연기되는가,86,top_k_expansion,top_k_expansion,bfs,True,True,8,4,7.175000007464405e-06,매출이 감소한다>현금 유입이 줄어든다>운영 자금이 부족하다>투자 계획이 연기된다,89,3,3,0,1.0,
매출이 감소하면 왜 투자 계획이 연기되는가,87,top_k,naive_top_k,bfs,True,True,8,4,7.576000001563443e-06,매출이 감소한다>현금 유입이 줄어든다>운영 자금이 부족하다>투자 계획이 연기된다,87,3,3,0,1.0,
매출이 감소하면 왜 투자 계획이 연기되는가,87,top_k_expansion,top_k_expansion,bfs,True,True,8,4,7.138999990274897e-06,매출이 감소한다>현금 유입이 줄어든다>운영 자금이 부족하다>투자 계획이 연기된다,90,3,3,0,1.0,
매출이 감소하면 왜 투자 계획이 연기되는가,88,top_k,naive_top_k,bfs,True,True,8,4,6.455000004734757e-06,매출이 감소한다>현금 유입이 줄어든다>운영 자금이 부족하다>투자 계획이 연기된다,88,3,3,0,1.0,
매출이 감소하면 왜 투자 계획이 연기되는가,88,top_k_expansion,top_k_expansion,bfs,True,True,8,4,7.882000005565715e-06,매출이 감소한다>현금 유입이 줄어든다>운영 자금이 부족하다>투자 계획이 연기된다,90,3,3,0,1.0,
매출이 감소하면 왜 투자 계획이 연기되는가,89,top_k,naive_top_k,bfs,True,True,8,4,7.600000003549212e-06,매출이 감소한다>현금 유입이 줄어든다>운영 자금이 부족하다>투자 계획이 연기된다,89,3,3,0,1.0,
매출이 감소하면 왜 투자 계획이 연기되는가,89,top_k_expansion,top_k_expansion,bfs,True,True,8,4,6.802999990895842e-06,매출이 감소한다>현금 유입이 줄어든다>운영 자금이 부족하다>투자 계획이 연기된다,90,3,3,0,1.0,
매출이 감소하면 왜 투자 계획이 연기되는가,90,top_k,naive_top_k,bfs,True,True,8,4,6.329999990839497e-06,매출이 감소한다>현금 유입이 줄어든다>운영 자금이 부족하다>투자 계획이 연기된다,90,3,3,0,1.0,
매출이 감소하면 왜 투자 계획이 연기되는가,90,top_k_expansion,top_k_expansion,bfs,True,True,8,4,6.366999997453604e-06,매출이 감소한다>현금 유입이 줄어든다>운영 자금이 부족하다>투자 계획이 연기된다,90,3,3,0,1.0,
매출이 감소하면 왜 투자 계획이 연기되는가,95,top_k,naive_top_k,bfs,True,True,8,4,7.47699999692486e-06,매출이 감소한다>현금 유입이 줄어든다>운영 자금이 부족하다>투자 계획이 연기된다,90,3,3,0,1.0,
매출이 감소하면 왜 투자 계획이 연기되는가,95,top_k_expansion,top_k_expansion,bfs,True,True,8,4,7.143999994241312e-06,매출이 감소한다>현금 유입이 줄어든다>운영 자금이 부족하다>투자 계획이 연기된다,90,3,3,0,1.0,
매출이 감소하면 왜 투자 계획이 연기되는가,100,top_k,naive_top_k,bfs,True,True,8,4,7.042999982331821e-06,매출이 감소한다>현금 유입이 줄어든다>운영 자금이 부족하다>투자 계획이 연기된다,90,3,3,0,1.0,
매출이 감소하면 왜 투자 계획이 연기되는가,100,top_k_expansion,top_k_expansion,bfs,True,True,8,4,7.2189999968941265e-06,매출이 감소한다>현금 유입이 줄어든다>운영 자금이 부족하다>투자 계획이 연기된다,90,3,3,0,1.0,
불을 세게 하면 왜 음식이 탈 수 있는가,FULL,full,full,bfs,True,True,8,4,6.748999993533289e-06,불을 세게 한다>팬 온도가 올라간다>재료 겉면이 빨리 익는다>음식이 탈 수 있다,90,3,3,0,1.0,
불을 세게 하면 왜 음식이 탈 수 있는가,2,top_k,naive_top_k,bfs,False,False,2,0,4.504999992605008e-06,,2,3,1,2,0.3333333333333333,불을 세게 한다->팬 온도가 올라간다|팬 온도가 올라간다->재료 겉면이 빨리 익는다
불을 세게 하면 왜 음식이 탈 수 있는가,2,top_k_expansion,top_k_expansion,bfs,True,True,8,4,6.10999998684747e-06,불을 세게 한다>팬 온도가 올라간다>재료 겉면이 빨리 익는다>음식이 탈 수 있다,9,3,3,0,1.0,
불을 세게 하면 왜 음식이 탈 수 있는가,3,top_k,naive_top_k,bfs,False,False,3,0,3.0169999831741734e-06,,3,3,1,2,0.3333333333333333,불을 세게 한다->팬 온도가 올라간다|팬 온도가 올라간다->재료 겉면이 빨리 익는다
불을 세게 하면 왜 음식이 탈 수 있는가,3,top_k_expansion,top_k_expansion,bfs,True,True,8,4,6.673999990880475e-06,불을 세게 한다>팬 온도가 올라간다>재료 겉면이 빨리 익는다>음식이 탈 수 있다,9,3,3,0,1.0,
불을 세게 하면 왜 음식이 탈 수 있는가,4,top_k,naive_top_k,bfs,False,False,4,0,3.6110000110056717e-06,,4,3,1,2,0.3333333333333333,불을 세게 한다->팬 온도가 올라간다|팬 온도가 올라간다->재료 겉면이 빨리 익는다
불을 세게 하면 왜 음식이 탈 수 있는가,4,top_k_expansion,top_k_expansion,bfs,True,True,8,4,6.2569999954575906e-06,불을 세게 한다>팬 온도가 올라간다>재료 겉면이 빨리 익는다>음식이 탈 수 있다,9,3,3,0,1.0,
불을 세게 하면 왜 음식이 탈 수 있는가,5,top_k,naive_top_k,bfs,False,False,5,0,4.5769999985623144e-06,,5,3,1,2,0.3333333333333333,불을 세게 한다->팬 온도가 올라간다|팬 온도가 올라간다->재료 겉면이 빨리 익는다
불을 세게 하면 왜 음식이 탈 수 있는가,5,top_k_expansion,top_k_expansion,bfs,True,True,8,4,5.172999976821302e-06,불을 세게 한다>팬 온도가 올라간다>재료 겉면이 빨리 익는다>음식이 탈 수 있다,9,3,3,0,1.0,
불을 세게 하면 왜 음식이 탈 수 있는가,6,top_k,naive_top_k,bfs,False,False,6,0,5.84700001127203e-06,,6,3,2,1,0.6666666666666666,팬 온도가 올라간다->재료 겉면이 빨리 익는다
불을 세게 하면 왜 음식이 탈 수 있는가,6,top_k_expansion,top_k_expansion,bfs,True,True,8,4,5.982999994103011e-06,불을 세게 한다>팬 온도가 올라간다>재료 겉면이 빨리 익는다>음식이 탈 수 있다,9,3,3,0,1.0,
불을 세게 하면 왜 음식이 탈 수 있는가,7,top_k,naive_top_k,bfs,False,False,6,0,6.409000008034127e-06,,7,3,2,1,0.6666666666666666,팬 온도가 올라간다->재료 겉면이 빨리 익는다
불을 세게 하면 왜 음식이 탈 수 있는가,7,top_k_expansion,top_k_expansion,bfs,True,True,8,4,4.873999984056354e-06,불을 세게 한다>팬 온도가 올라간다>재료 겉면이 빨리 익는다>음식이 탈 수 있다,9,3,3,0,1.0,
불을 세게 하면 왜 음식이 탈 수 있는가,8,top_k,naive_top_k,bfs,False,False,6,0,5.180000016480335e-06,,8,3,2,1,0.6666666666666666,팬 온도가 올라간다->재료 겉면이 빨리 익는다
불을 세게 하면 왜 음식이 탈 수 있는가,8,top_k_expansion,top_k_expansion,bfs,True,True,8,4,6.767999991552642e-06,불을 세게 한다>팬 온도가 올라간다>재료 겉면이 빨리 익는다>음식이 탈 수 있다,9,3,3,0,1.0,
불을 세게 하면 왜 음식이 탈 수 있는가,9,top_k,naive_top_k,bfs,False,False,6,0,4.581000013104131e-06,,9,3,2,1,0.6666666666666666,팬 온도가 올라간다->재료 겉면이 빨리 익는다
불을 세게 하면 왜 음식이 탈 수 있는가,9,top_k_expansion,top_k_expansion,bfs,True,True,8,4,7.414000009475785e-06,불을 세게 한다>팬 온도가 올라간다>재료 겉면이 빨리 익는다>음식이 탈 수 있다,16,3,3,0,1.0,
불을 세게 하면 왜 음식이 탈 수 있는가,10,top_k,naive_top_k,bfs,False,False,6,0,5.1570000039191655e-06,,10,3,2,1,0.6666666666666666,팬 온도가 올라간다->재료 겉면이 빨리 익는다
불을 세게 하면 왜 음식이 탈 수 있는가,10,top_k_expansion,top_k_expansion,bfs,True,True,8,4,6.955999992896977e-06,불을 세게 한다>팬 온도가 올라간다>재료 겉면이 빨리 익는다>음식이 탈 수 있다,23,3,3,0,1.0,
불을 세게 하면 왜 음식이 탈 수 있는가,15,top_k,naive_top_k,bfs,False,False,6,0,6.10999998684747e-06,,15,3,2,1,0.6666666666666666,팬 온도가 올라간다->재료 겉면이 빨리 익는다
불을 세게 하면 왜 음식이 탈 수 있는가,15,top_k_expansion,top_k_expansion,bfs,True,True,8,4,5.560999994713711e-06,불을 세게 한다>팬 온도가 올라간다>재료 겉면이 빨리 익는다>음식이 탈 수 있다,30,3,3,0,1.0,
불을 세게 하면 왜 음식이 탈 수 있는가,20,top_k,naive_top_k,bfs,False,False,6,0,5.147999985410934e-06,,20,3,2,1,0.6666666666666666,팬 온도가 올라간다->재료 겉면이 빨리 익는다
불을 세게 하면 왜 음식이 탈 수 있는가,20,top_k_expansion,top_k_expansion,bfs,True,True,8,4,6.662000004098445e-06,불을 세게 한다>팬 온도가 올라간다>재료 겉면이 빨리 익는다>음식이 탈 수 있다,37,3,3,0,1.0,
불을 세게 하면 왜 음식이 탈 수 있는가,30,top_k,naive_top_k,bfs,False,False,6,0,6.300999984887312e-06,,30,3,2,1,0.6666666666666666,팬 온도가 올라간다->재료 겉면이 빨리 익는다
불을 세게 하면 왜 음식이 탈 수 있는가,30,top_k_expansion,top_k_expansion,bfs,True,True,8,4,6.774000013365367e-06,불을 세게 한다>팬 온도가 올라간다>재료 겉면이 빨리 익는다>음식이 탈 수 있다,51,3,3,0,1.0,
불을 세게 하면 왜 음식이 탈 수 있는가,40,top_k,naive_top_k,bfs,False,False,6,0,5.535000013878744e-06,,40,3,2,1,0.6666666666666666,팬 온도가 올라간다->재료 겉면이 빨리 익는다
불을 세게 하면 왜 음식이 탈 수 있는가,40,top_k_expansion,top_k_expansion,bfs,True,True,8,4,7.198999981028464e-06,불을 세게 한다>팬 온도가 올라간다>재료 겉면이 빨리 익는다>음식이 탈 수 있다,65,3,3,0,1.0,
불을 세게 하면 왜 음식이 탈 수 있는가,60,top_k,naive_top_k,bfs,False,False,6,0,5.2589999768315465e-06,,60,3,2,1,0.6666666666666666,팬 온도가 올라간다->재료 겉면이 빨리 익는다
불을 세게 하면 왜 음식이 탈 수 있는가,60,top_k_expansion,top_k_expansion,bfs,True,True,8,4,6.136999985528746e-06,불을 세게 한다>팬 온도가 올라간다>재료 겉면이 빨리 익는다>음식이 탈 수 있다,79,3,3,0,1.0,
불을 세게 하면 왜 음식이 탈 수 있는가,70,top_k,naive_top_k,bfs,False,False,6,0,7.377999992286277e-06,,70,3,2,1,0.6666666666666666,팬 온도가 올라간다->재료 겉면이 빨리 익는다
불을 세게 하면 왜 음식이 탈 수 있는가,70,top_k_expansion,top_k_expansion,bfs,True,True,8,4,6.232999993471822e-06,불을 세게 한다>팬 온도가 올라간다>재료 겉면이 빨리 익는다>음식이 탈 수 있다,83,3,3,0,1.0,
불을 세게 하면 왜 음식이 탈 수 있는가,75,top_k,naive_top_k,bfs,True,True,8,4,7.398999997576539e-06,불을 세게 한다>팬 온도가 올라간다>재료 겉면이 빨리 익는다>음식이 탈 수 있다,75,3,3,0,1.0,
불을 세게 하면 왜 음식이 탈 수 있는가,75,top_k_expansion,top_k_expansion,bfs,True,True,8,4,2.428999999892767e-05,불을 세게 한다>팬 온도가 올라간다>재료 겉면이 빨리 익는다>음식이 탈 수 있다,84,3,3,0,1.0,
불을 세게 하면 왜 음식이 탈 수 있는가,78,top_k,naive_top_k,bfs,True,True,8,4,7.098999986965282e-06,불을 세게 한다>팬 온도가 올라간다>재료 겉면이 빨리 익는다>음식이 탈 수 있다,78,3,3,0,1.0,
불을 세게 하면 왜 음식이 탈 수 있는가,78,top_k_expansion,top_k_expansion,bfs,True,True,8,4,6.346999981587942e-06,불을 세게 한다>팬 온도가 올라간다>재료 겉면이 빨리 익는다>음식이 탈 수 있다,86,3,3,0,1.0,
불을 세게 하면 왜 음식이 탈 수 있는가,80,top_k,naive_top_k,bfs,True,True,8,4,6.374000008690928e-06,불을 세게 한다>팬 온도가 올라간다>재료 겉면이 빨리 익는다>음식이 탈 수 있다,80,3,3,0,1.0,
불을 세게 하면 왜 음식이 탈 수 있는가,80,top_k_expansion,top_k_expansion,bfs,True,True,8,4,6.882000008090472e-06,불을 세게 한다>팬 온도가 올라간다>재료 겉면이 빨리 익는다>음식이 탈 수 있다,86,3,3,0,1.0,
불을 세게 하면 왜 음식이 탈 수 있는가,82,top_k,naive_top_k,bfs,True,True,8,4,6.217000020569685e-06,불을 세게 한다>팬 온도가 올라간다>재료 겉면이 빨리 익는다>음식이 탈 수 있다,82,3,3,0,1.0,
불을 세게 하면 왜 음식이 탈 수 있는가,82,top_k_expansion,top_k_expansion,bfs,True,True,8,4,6.803999980320441e-06,불을 세게 한다>팬 온도가 올라간다>재료 겉면이 빨리 익는다>음식이 탈 수 있다,88,3,3,0,1.0,
불을 세게 하면 왜 음식이 탈 수 있는가,84,top_k,naive_top_k,bfs,True,True,8,4,7.667999994964703e-06,불을 세게 한다>팬 온도가 올라간다>재료 겉면이 빨리 익는다>음식이 탈 수 있다,84,3,3,0,1.0,
불을 세게 하면 왜 음식이 탈 수 있는가,84,top_k_expansion,top_k_expansion,bfs,True,True,8,4,7.917000004908914e-06,불을 세게 한다>팬 온도가 올라간다>재료 겉면이 빨리 익는다>음식이 탈 수 있다,88,3,3,0,1.0,
불을 세게 하면 왜 음식이 탈 수 있는가,85,top_k,naive_top_k,bfs,True,True,8,4,7.646999989674441e-06,불을 세게 한다>팬 온도가 올라간다>재료 겉면이 빨리 익는다>음식이 탈 수 있다,85,3,3,0,1.0,
불을 세게 하면 왜 음식이 탈 수 있는가,85,top_k_expansion,top_k_expansion,bfs,True,True,8,4,7.96700001615136e-06,불을 세게 한다>팬 온도가 올라간다>재료 겉면이 빨리 익는다>음식이 탈 수 있다,88,3,3,0,1.0,
불을 세게 하면 왜 음식이 탈 수 있는가,86,top_k,naive_top_k,bfs,True,True,8,4,6.427999977631771e-06,불을 세게 한다>팬 온도가 올라간다>재료 겉면이 빨리 익는다>음식이 탈 수 있다,86,3,3,0,1.0,
불을 세게 하면 왜 음식이 탈 수 있는가,86,top_k_expansion,top_k_expansion,bfs,True,True,8,4,7.851999981767221e-06,불을 세게 한다>팬 온도가 올라간다>재료 겉면이 빨리 익는다>음식이 탈 수 있다,89,3,3,0,1.0,
불을 세게 하면 왜 음식이 탈 수 있는가,87,top_k,naive_top_k,bfs,True,True,8,4,6.556000016644248e-06,불을 세게 한다>팬 온도가 올라간다>재료 겉면이 빨리 익는다>음식이 탈 수 있다,87,3,3,0,1.0,
불을 세게 하면 왜 음식이 탈 수 있는가,87,top_k_expansion,top_k_expansion,bfs,True,True,8,4,6.465699999580465e-05,불을 세게 한다>팬 온도가 올라간다>재료 겉면이 빨리 익는다>음식이 탈 수 있다,90,3,3,0,1.0,
불을 세게 하면 왜 음식이 탈 수 있는가,88,top_k,naive_top_k,bfs,True,True,8,4,6.900000016685226e-06,불을 세게 한다>팬 온도가 올라간다>재료 겉면이 빨리 익는다>음식이 탈 수 있다,88,3,3,0,1.0,
불을 세게 하면 왜 음식이 탈 수 있는가,88,top_k_expansion,top_k_expansion,bfs,True,True,8,4,6.339000009347728e-06,불을 세게 한다>팬 온도가 올라간다>재료 겉면이 빨리 익는다>음식이 탈 수 있다,90,3,3,0,1.0,
불을 세게 하면 왜 음식이 탈 수 있는가,89,top_k,naive_top_k,bfs,True,True,8,4,8.305000022801323e-06,불을 세게 한다>팬 온도가 올라간다>재료 겉면이 빨리 익는다>음식이 탈 수 있다,89,3,3,0,1.0,
불을 세게 하면 왜 음식이 탈 수 있는가,89,top_k_expansion,top_k_expansion,bfs,True,True,8,4,6.849000016018181e-06,불을 세게 한다>팬 온도가 올라간다>재료 겉면이 빨리 익는다>음식이 탈 수 있다,90,3,3,0,1.0,
불을 세게 하면 왜 음식이 탈 수 있는가,90,top_k,naive_top_k,bfs,True,True,8,4,7.747999973162223e-06,불을 세게 한다>팬 온도가 올라간다>재료 겉면이 빨리 익는다>음식이 탈 수 있다,90,3,3,0,1.0,
불을 세게 하면 왜 음식이 탈 수 있는가,90,top_k_expansion,top_k_expansion,bfs,True,True,8,4,1.4808000003085908e-05,불을 세게 한다>팬 온도가 올라간다>재료 겉면이 빨리 익는다>음식이 탈 수 있다,90,3,3,0,1.0,
불을 세게 하면 왜 음식이 탈 수 있는가,95,top_k,naive_top_k,bfs,True,True,8,4,7.589000006191782e-06,불을 세게 한다>팬 온도가 올라간다>재료 겉면이 빨리 익는다>음식이 탈 수 있다,90,3,3,0,1.0,
불을 세게 하면 왜 음식이 탈 수 있는가,95,top_k_expansion,top_k_expansion,bfs,True,True,8,4,6.982999991578254e-06,불을 세게 한다>팬 온도가 올라간다>재료 겉면이 빨리 익는다>음식이 탈 수 있다,90,3,3,0,1.0,
불을 세게 하면 왜 음식이 탈 수 있는가,100,top_k,naive_top_k,bfs,True,True,8,4,7.743999987042116e-06,불을 세게 한다>팬 온도가 올라간다>재료 겉면이 빨리 익는다>음식이 탈 수 있다,90,3,3,0,1.0,
불을 세게 하면 왜 음식이 탈 수 있는가,100,top_k_expansion,top_k_expansion,bfs,True,True,8,4,7.296000006817849e-06,불을 세게 한다>팬 온도가 올라간다>재료 겉면이 빨리 익는다>음식이 탈 수 있다,90,3,3,0,1.0,
훈련 강도가 높으면 왜 다음 경기력이 떨어지는가,FULL,full,full,bfs,True,True,8,4,8.613999995077393e-06,훈련 강도가 높다>근육 피로가 증가한다>회복 시간이 필요하다>다음 경기력이 떨어진다,90,3,3,0,1.0,
훈련 강도가 높으면 왜 다음 경기력이 떨어지는가,2,top_k,naive_top_k,bfs,False,False,3,0,4.590999992615252e-06,,2,3,0,3,0.0,근육 피로가 증가한다->회복 시간이 필요하다|회복 시간이 필요하다->다음 경기력이 떨어진다|훈련 강도가 높다->근육 피로가 증가한다
훈련 강도가 높으면 왜 다음 경기력이 떨어지는가,2,top_k_expansion,top_k_expansion,bfs,False,False,6,0,5.922000013924844e-06,,7,3,1,2,0.3333333333333333,근육 피로가 증가한다->회복 시간이 필요하다|회복 시간이 필요하다->다음 경기력이 떨어진다
훈련 강도가 높으면 왜 다음 경기력이 떨어지는가,3,top_k,naive_top_k,bfs,False,False,4,0,5.031999990023905e-06,,3,3,0,3,0.0,근육 피로가 증가한다->회복 시간이 필요하다|회복 시간이 필요하다->다음 경기력이 떨어진다|훈련 강도가 높다->근육 피로가 증가한다
훈련 강도가 높으면 왜 다음 경기력이 떨어지는가,3,top_k_expansion,top_k_expansion,bfs,False,False,6,0,4.5950000071570685e-06,,7,3,1,2,0.3333333333333333,근육 피로가 증가한다->회복 시간이 필요하다|회복 시간이 필요하다->다음 경기력이 떨어진다
훈련 강도가 높으면 왜 다음 경기력이 떨어지는가,4,top_k,naive_top_k,bfs,False,False,5,0,6.512999988217416e-06,,4,3,0,3,0.0,근육 피로가 증가한다->회복 시간이 필요하다|회복 시간이 필요하다->다음 경기력이 떨어진다|훈련 강도가 높다->근육 피로가 증가한다
훈련 강도가 높으면 왜 다음 경기력이 떨어지는가,4,top_k_expansion,top_k_expansion,bfs,False,False,6,0,5.68799998745817e-06,,7,3,1,2,0.3333333333333333,근육 피로가 증가한다->회복 시간이 필요하다|회복 시간이 필요하다->다음 경기력이 떨어진다
훈련 강도가 높으면 왜 다음 경기력이 떨어지는가,5,top_k,naive_top_k,bfs,False,False,6,0,5.205999997315303e-06,,5,3,1,2,0.3333333333333333,근육 피로가 증가한다->회복 시간이 필요하다|회복 시간이 필요하다->다음 경기력이 떨어진다
훈련 강도가 높으면 왜 다음 경기력이 떨어지는가,5,top_k_expansion,top_k_expansion,bfs,False,False,7,0,6.271999978935128e-06,,8,3,2,1,0.6666666666666666,회복 시간이 필요하다->다음 경기력이 떨어진다
훈련 강도가 높으면 왜 다음 경기력이 떨어지는가,6,top_k,naive_top_k,bfs,False,False,6,0,4.914000015787678e-06,,6,3,2,1,0.6666666666666666,근육 피로가 증가한다->회복 시간이 필요하다
훈련 강도가 높으면 왜 다음 경기력이 떨어지는가,6,top_k_expansion,top_k_expansion,bfs,True,True,8,4,6.6309999908753525e-06,훈련 강도가 높다>근육 피로가 증가한다>회복 시간이 필요하다>다음 경기력이 떨어진다,9,3,3,0,1.0,
훈련 강도가 높으면 왜 다음 경기력이 떨어지는가,7,top_k,naive_top_k,bfs,False,False,6,0,5.1049999854058115e-06,,7,3,2,1,0.6666666666666666,근육 피로가 증가한다->회복 시간이 필요하다
훈련 강도가 높으면 왜 다음 경기력이 떨어지는가,7,top_k_expansion,top_k_expansion,bfs,True,True,8,4,5.830999981526475e-06,훈련 강도가 높다>근육 피로가 증가한다>회복 시간이 필요하다>다음 경기력이 떨어진다,9,3,3,0,1.0,
훈련 강도가 높으면 왜 다음 경기력이 떨어지는가,8,top_k,naive_top_k,bfs,False,False,6,0,5.851999986816736e-06,,8,3,2,1,0.6666666666666666,근육 피로가 증가한다->회복 시간이 필요하다
훈련 강도가 높으면 왜 다음 경기력이 떨어지는가,8,top_k_expansion,top_k_expansion,bfs,True,True,8,4,9.000999995123493e-06,훈련 강도가 높다>근육 피로가 증가한다>회복 시간이 필요하다>다음 경기력이 떨어진다,9,3,3,0,1.0,
훈련 강도가 높으면 왜 다음 경기력이 떨어지는가,9,top_k,naive_top_k,bfs,False,False,6,0,6.287999980258974e-06,,9,3,2,1,0.6666666666666666,근육 피로가 증가한다->회복 시간이 필요하다
훈련 강도가 높으면 왜 다음 경기력이 떨어지는가,9,top_k_expansion,top_k_expansion,bfs,True,True,8,4,5.998999995426857e-06,훈련 강도가 높다>근육 피로가 증가한다>회복 시간이 필요하다>다음 경기력이 떨어진다,16,3,3,0,1.0,
훈련 강도가 높으면 왜 다음 경기력이 떨어지는가,10,top_k,naive_top_k,bfs,False,False,6,0,5.165999994005688e-06,,10,3,2,1,0.6666666666666666,근육 피로가 증가한다->회복 시간이 필요하다
훈련 강도가 높으면 왜 다음 경기력이 떨어지는가,10,top_k_expansion,top_k_expansion,bfs,True,True,8,4,6.587000001445631e-06,훈련 강도가 높다>근육 피로가 증가한다>회복 시간이 필요하다>다음 경기력이 떨어진다,19,3,3,0,1.0,
훈련 강도가 높으면 왜 다음 경기력이 떨어지는가,15,top_k,naive_top_k,bfs,False,False,6,0,5.090000001928274e-06,,15,3,2,1,0.6666666666666666,근육 피로가 증가한다->회복 시간이 필요하다
훈련 강도가 높으면 왜 다음 경기력이 떨어지는가,15,top_k_expansion,top_k_expansion,bfs,True,True,8,4,7.535000008829229e-06,훈련 강도가 높다>근육 피로가 증가한다>회복 시간이 필요하다>다음 경기력이 떨어진다,26,3,3,0,1.0,
훈련 강도가 높으면 왜 다음 경기력이 떨어지는가,20,top_k,naive_top_k,bfs,False,False,6,0,4.828000015777434e-06,,20,3,2,1,0.6666666666666666,근육 피로가 증가한다->회복 시간이 필요하다
훈련 강도가 높으면 왜 다음 경기력이 떨어지는가,20,top_k_expansion,top_k_expansion,bfs,True,True,8,4,5.774999976893014e-06,훈련 강도가 높다>근육 피로가 증가한다>회복 시간이 필요하다>다음 경기력이 떨어진다,39,3,3,0,1.0,
훈련 강도가 높으면 왜 다음 경기력이 떨어지는가,30,top_k,naive_top_k,bfs,False,False,6,0,6.319000021903776e-06,,30,3,2,1,0.6666666666666666,근육 피로가 증가한다->회복 시간이 필요하다
훈련 강도가 높으면 왜 다음 경기력이 떨어지는가,30,top_k_expansion,top_k_expansion,bfs,True,True,8,4,6.820000010065996e-06,훈련 강도가 높다>근육 피로가 증가한다>회복 시간이 필요하다>다음 경기력이 떨어진다,46,3,3,0,1.0,
훈련 강도가 높으면 왜 다음 경기력이 떨어지는가,40,top_k,naive_top_k,bfs,False,False,6,0,9.41499999385087e-06,,40,3,2,1,0.6666666666666666,근육 피로가 증가한다->회복 시간이 필요하다
훈련 강도가 높으면 왜 다음 경기력이 떨어지는가,40,top_k_expansion,top_k_expansion,bfs,True,True,8,4,7.132999996883882e-06,훈련 강도가 높다>근육 피로가 증가한다>회복 시간이 필요하다>다음 경기력이 떨어진다,67,3,3,0,1.0,
훈련 강도가 높으면 왜 다음 경기력이 떨어지는가,60,top_k,naive_top_k,bfs,False,False,6,0,5.332000000635162e-06,,60,3,2,1,0.6666666666666666,근육 피로가 증가한다->회복 시간이 필요하다
훈련 강도가 높으면 왜 다음 경기력이 떨어지는가,60,top_k_expansion,top_k_expansion,bfs,True,True,8,4,1.025800000320487e-05,훈련 강도가 높다>근육 피로가 증가한다>회복 시간이 필요하다>다음 경기력이 떨어진다,79,3,3,0,1.0,
훈련 강도가 높으면 왜 다음 경기력이 떨어지는가,70,top_k,naive_top_k,bfs,False,False,6,0,5.186999999295949e-06,,70,3,2,1,0.6666666666666666,근육 피로가 증가한다->회복 시간이 필요하다
훈련 강도가 높으면 왜 다음 경기력이 떨어지는가,70,top_k_expansion,top_k_expansion,bfs,True,True,8,4,7.245999995575403e-06,훈련 강도가 높다>근육 피로가 증가한다>회복 시간이 필요하다>다음 경기력이 떨어진다,83,3,3,0,1.0,
훈련 강도가 높으면 왜 다음 경기력이 떨어지는가,75,top_k,naive_top_k,bfs,False,False,6,0,6.116999998084793e-06,,75,3,2,1,0.6666666666666666,근육 피로가 증가한다->회복 시간이 필요하다
훈련 강도가 높으면 왜 다음 경기력이 떨어지는가,75,top_k_expansion,top_k_expansion,bfs,True,True,8,4,7.632999995621503e-06,훈련 강도가 높다>근육 피로가 증가한다>회복 시간이 필요하다>다음 경기력이 떨어진다,85,3,3,0,1.0,
훈련 강도가 높으면 왜 다음 경기력이 떨어지는가,78,top_k,naive_top_k,bfs,False,False,6,0,5.748999996058046e-06,,78,3,2,1,0.6666666666666666,근육 피로가 증가한다->회복 시간이 필요하다
훈련 강도가 높으면 왜 다음 경기력이 떨어지는가,78,top_k_expansion,top_k_expansion,bfs,True,True,8,4,6.332999987535004e-06,훈련 강도가 높다>근육 피로가 증가한다>회복 시간이 필요하다>다음 경기력이 떨어진다,86,3,3,0,1.0,
훈련 강도가 높으면 왜 다음 경기력이 떨어지는가,80,top_k,naive_top_k,bfs,True,True,8,4,7.1929999876374495e-06,훈련 강도가 높다>근육 피로가 증가한다>회복 시간이 필요하다>다음 경기력이 떨어진다,80,3,3,0,1.0,
훈련 강도가 높으면 왜 다음 경기력이 떨어지는가,80,top_k_expansion,top_k_expansion,bfs,True,True,8,4,6.324999986873081e-06,훈련 강도가 높다>근육 피로가 증가한다>회복 시간이 필요하다>다음 경기력이 떨어진다,86,3,3,0,1.0,
훈련 강도가 높으면 왜 다음 경기력이 떨어지는가,82,top_k,naive_top_k,bfs,True,True,8,4,7.3809999889817846e-06,훈련 강도가 높다>근육 피로가 증가한다>회복 시간이 필요하다>다음 경기력이 떨어진다,82,3,3,0,1.0,
훈련 강도가 높으면 왜 다음 경기력이 떨어지는가,82,top_k_expansion,top_k_expansion,bfs,True,True,8,4,5.617999988771771e-06,훈련 강도가 높다>근육 피로가 증가한다>회복 시간이 필요하다>다음 경기력이 떨어진다,88,3,3,0,1.0,
훈련 강도가 높으면 왜 다음 경기력이 떨어지는가,84,top_k,naive_top_k,bfs,True,True,8,4,7.384000014099001e-06,훈련 강도가 높다>근육 피로가 증가한다>회복 시간이 필요하다>다음 경기력이 떨어진다,84,3,3,0,1.0,
훈련 강도가 높으면 왜 다음 경기력이 떨어지는가,84,top_k_expansion,top_k_expansion,bfs,True,True,8,4,6.7070000113744754e-06,훈련 강도가 높다>근육 피로가 증가한다>회복 시간이 필요하다>다음 경기력이 떨어진다,88,3,3,0,1.0,
훈련 강도가 높으면 왜 다음 경기력이 떨어지는가,85,top_k,naive_top_k,bfs,True,True,8,4,7.586999998920874e-06,훈련 강도가 높다>근육 피로가 증가한다>회복 시간이 필요하다>다음 경기력이 떨어진다,85,3,3,0,1.0,
훈련 강도가 높으면 왜 다음 경기력이 떨어지는가,85,top_k_expansion,top_k_expansion,bfs,True,True,8,4,6.173000002718254e-06,훈련 강도가 높다>근육 피로가 증가한다>회복 시간이 필요하다>다음 경기력이 떨어진다,88,3,3,0,1.0,
훈련 강도가 높으면 왜 다음 경기력이 떨어지는가,86,top_k,naive_top_k,bfs,True,True,8,4,6.522000006725648e-06,훈련 강도가 높다>근육 피로가 증가한다>회복 시간이 필요하다>다음 경기력이 떨어진다,86,3,3,0,1.0,
훈련 강도가 높으면 왜 다음 경기력이 떨어지는가,86,top_k_expansion,top_k_expansion,bfs,True,True,8,4,6.951999978355161e-06,훈련 강도가 높다>근육 피로가 증가한다>회복 시간이 필요하다>다음 경기력이 떨어진다,89,3,3,0,1.0,
훈련 강도가 높으면 왜 다음 경기력이 떨어지는가,87,top_k,naive_top_k,bfs,True,True,8,4,6.043000013278288e-06,훈련 강도가 높다>근육 피로가 증가한다>회복 시간이 필요하다>다음 경기력이 떨어진다,87,3,3,0,1.0,
훈련 강도가 높으면 왜 다음 경기력이 떨어지는가,87,top_k_expansion,top_k_expansion,bfs,True,True,8,4,8.140999995021048e-06,훈련 강도가 높다>근육 피로가 증가한다>회복 시간이 필요하다>다음 경기력이 떨어진다,90,3,3,0,1.0,
훈련 강도가 높으면 왜 다음 경기력이 떨어지는가,88,top_k,naive_top_k,bfs,True,True,8,4,6.798999976354025e-06,훈련 강도가 높다>근육 피로가 증가한다>회복 시간이 필요하다>다음 경기력이 떨어진다,88,3,3,0,1.0,
훈련 강도가 높으면 왜 다음 경기력이 떨어지는가,88,top_k_expansion,top_k_expansion,bfs,True,True,8,4,7.196000012754666e-06,훈련 강도가 높다>근육 피로가 증가한다>회복 시간이 필요하다>다음 경기력이 떨어진다,90,3,3,0,1.0,
훈련 강도가 높으면 왜 다음 경기력이 떨어지는가,89,top_k,naive_top_k,bfs,True,True,8,4,5.9250000106203515e-06,훈련 강도가 높다>근육 피로가 증가한다>회복 시간이 필요하다>다음 경기력이 떨어진다,89,3,3,0,1.0,
훈련 강도가 높으면 왜 다음 경기력이 떨어지는가,89,top_k_expansion,top_k_expansion,bfs,True,True,8,4,6.165000002056331e-06,훈련 강도가 높다>근육 피로가 증가한다>회복 시간이 필요하다>다음 경기력이 떨어진다,90,3,3,0,1.0,
훈련 강도가 높으면 왜 다음 경기력이 떨어지는가,90,top_k,naive_top_k,bfs,True,True,8,4,8.398000005627182e-06,훈련 강도가 높다>근육 피로가 증가한다>회복 시간이 필요하다>다음 경기력이 떨어진다,90,3,3,0,1.0,
훈련 강도가 높으면 왜 다음 경기력이 떨어지는가,90,top_k_expansion,top_k_expansion,bfs,True,True,8,4,2.840599998421567e-05,훈련 강도가 높다>근육 피로가 증가한다>회복 시간이 필요하다>다음 경기력이 떨어진다,90,3,3,0,1.0,
훈련 강도가 높으면 왜 다음 경기력이 떨어지는가,95,top_k,naive_top_k,bfs,True,True,8,4,1.1885999981586792e-05,훈련 강도가 높다>근육 피로가 증가한다>회복 시간이 필요하다>다음 경기력이 떨어진다,90,3,3,0,1.0,
훈련 강도가 높으면 왜 다음 경기력이 떨어지는가,95,top_k_expansion,top_k_expansion,bfs,True,True,8,4,1.1940000007371054e-05,훈련 강도가 높다>근육 피로가 증가한다>회복 시간이 필요하다>다음 경기력이 떨어진다,90,3,3,0,1.0,
훈련 강도가 높으면 왜 다음 경기력이 떨어지는가,100,top_k,naive_top_k,bfs,True,True,8,4,1.142100001061408e-05,훈련 강도가 높다>근육 피로가 증가한다>회복 시간이 필요하다>다음 경기력이 떨어진다,90,3,3,0,1.0,
훈련 강도가 높으면 왜 다음 경기력이 떨어지는가,100,top_k_expansion,top_k_expansion,bfs,True,True,8,4,1.2370000007422277e-05,훈련 강도가 높다>근육 피로가 증가한다>회복 시간이 필요하다>다음 경기력이 떨어진다,90,3,3,0,1.0,
복습을 하지 않으면 왜 시험 시간이 부족한가,FULL,full,full,bfs,True,True,8,4,1.1744000005364796e-05,복습을 하지 않는다>기억이 약해진다>문제 풀이 속도가 느려진다>시험 시간이 부족하다,90,3,3,0,1.0,
복습을 하지 않으면 왜 시험 시간이 부족한가,2,top_k,naive_top_k,bfs,False,False,3,0,7.549999992306766e-06,,2,3,0,3,0.0,기억이 약해진다->문제 풀이 속도가 느려진다|문제 풀이 속도가 느려진다->시험 시간이 부족하다|복습을 하지 않는다->기억이 약해진다
복습을 하지 않으면 왜 시험 시간이 부족한가,2,top_k_expansion,top_k_expansion,bfs,False,False,6,0,6.124000009322117e-06,,7,3,1,2,0.3333333333333333,기억이 약해진다->문제 풀이 속도가 느려진다|문제 풀이 속도가 느려진다->시험 시간이 부족하다
복습을 하지 않으면 왜 시험 시간이 부족한가,3,top_k,naive_top_k,bfs,False,False,4,0,3.8070000130119297e-06,,3,3,0,3,0.0,기억이 약해진다->문제 풀이 속도가 느려진다|문제 풀이 속도가 느려진다->시험 시간이 부족하다|복습을 하지 않는다->기억이 약해진다
복습을 하지 않으면 왜 시험 시간이 부족한가,3,top_k_expansion,top_k_expansion,bfs,False,False,6,0,4.369999999198626e-06,,7,3,1,2,0.3333333333333333,기억이 약해진다->문제 풀이 속도가 느려진다|문제 풀이 속도가 느려진다->시험 시간이 부족하다
복습을 하지 않으면 왜 시험 시간이 부족한가,4,top_k,naive_top_k,bfs,False,False,5,0,4.521999983353453e-06,,4,3,0,3,0.0,기억이 약해진다->문제 풀이 속도가 느려진다|문제 풀이 속도가 느려진다->시험 시간이 부족하다|복습을 하지 않는다->기억이 약해진다
복습을 하지 않으면 왜 시험 시간이 부족한가,4,top_k_expansion,top_k_expansion,bfs,False,False,6,0,6.214999984877068e-06,,7,3,1,2,0.3333333333333333,기억이 약해진다->문제 풀이 속도가 느려진다|문제 풀이 속도가 느려진다->시험 시간이 부족하다
복습을 하지 않으면 왜 시험 시간이 부족한가,5,top_k,naive_top_k,bfs,False,False,6,0,4.485000005161055e-06,,5,3,1,2,0.3333333333333333,기억이 약해진다->문제 풀이 속도가 느려진다|문제 풀이 속도가 느려진다->시험 시간이 부족하다
복습을 하지 않으면 왜 시험 시간이 부족한가,5,top_k_expansion,top_k_expansion,bfs,False,False,7,0,6.1110000046937785e-06,,8,3,2,1,0.6666666666666666,문제 풀이 속도가 느려진다->시험 시간이 부족하다
복습을 하지 않으면 왜 시험 시간이 부족한가,6,top_k,naive_top_k,bfs,False,False,6,0,4.670999999234482e-06,,6,3,2,1,0.6666666666666666,기억이 약해진다->문제 풀이 속도가 느려진다
복습을 하지 않으면 왜 시험 시간이 부족한가,6,top_k_expansion,top_k_expansion,bfs,True,True,8,4,5.188999978145148e-06,복습을 하지 않는다>기억이 약해진다>문제 풀이 속도가 느려진다>시험 시간이 부족하다,9,3,3,0,1.0,
복습을 하지 않으면 왜 시험 시간이 부족한가,7,top_k,naive_top_k,bfs,False,False,6,0,4.288000013730198e-06,,7,3,2,1,0.6666666666666666,기억이 약해진다->문제 풀이 속도가 느려진다
복습을 하지 않으면 왜 시험 시간이 부족한가,7,top_k_expansion,top_k_expansion,bfs,True,True,8,4,1.0575999993989171e-05,복습을 하지 않는다>기억이 약해진다>문제 풀이 속도가 느려진다>시험 시간이 부족하다,9,3,3,0,1.0,
복습을 하지 않으면 왜 시험 시간이 부족한가,8,top_k,naive_top_k,bfs,False,False,6,0,9.696000006442773e-06,,8,3,2,1,0.6666666666666666,기억이 약해진다->문제 풀이 속도가 느려진다
복습을 하지 않으면 왜 시험 시간이 부족한가,8,top_k_expansion,top_k_expansion,bfs,True,True,8,4,1.012199999195218e-05,복습을 하지 않는다>기억이 약해진다>문제 풀이 속도가 느려진다>시험 시간이 부족하다,9,3,3,0,1.0,
복습을 하지 않으면 왜 시험 시간이 부족한가,9,top_k,naive_top_k,bfs,False,False,6,0,3.27770000012606e-05,,9,3,2,1,0.6666666666666666,기억이 약해진다->문제 풀이 속도가 느려진다
복습을 하지 않으면 왜 시험 시간이 부족한가,9,top_k_expansion,top_k_expansion,bfs,True,True,8,4,1.1365999995405218e-05,복습을 하지 않는다>기억이 약해진다>문제 풀이 속도가 느려진다>시험 시간이 부족하다,16,3,3,0,1.0,
복습을 하지 않으면 왜 시험 시간이 부족한가,10,top_k,naive_top_k,bfs,False,False,6,0,9.648000002471235e-06,,10,3,2,1,0.6666666666666666,기억이 약해진다->문제 풀이 속도가 느려진다
복습을 하지 않으면 왜 시험 시간이 부족한가,10,top_k_expansion,top_k_expansion,bfs,True,True,8,4,6.992000010086485e-06,복습을 하지 않는다>기억이 약해진다>문제 풀이 속도가 느려진다>시험 시간이 부족하다,16,3,3,0,1.0,
복습을 하지 않으면 왜 시험 시간이 부족한가,15,top_k,naive_top_k,bfs,False,False,6,0,6.296999998767205e-06,,15,3,2,1,0.6666666666666666,기억이 약해진다->문제 풀이 속도가 느려진다
복습을 하지 않으면 왜 시험 시간이 부족한가,15,top_k_expansion,top_k_expansion,bfs,True,True,8,4,5.3109999953449005e-06,복습을 하지 않는다>기억이 약해진다>문제 풀이 속도가 느려진다>시험 시간이 부족하다,17,3,3,0,1.0,
복습을 하지 않으면 왜 시험 시간이 부족한가,20,top_k,naive_top_k,bfs,False,False,6,0,4.49099999855207e-06,,20,3,2,1,0.6666666666666666,기억이 약해진다->문제 풀이 속도가 느려진다
복습을 하지 않으면 왜 시험 시간이 부족한가,20,top_k_expansion,top_k_expansion,bfs,True,True,8,4,5.4260000013073295e-06,복습을 하지 않는다>기억이 약해진다>문제 풀이 속도가 느려진다>시험 시간이 부족하다,31,3,3,0,1.0,
복습을 하지 않으면 왜 시험 시간이 부족한가,30,top_k,naive_top_k,bfs,False,False,6,0,4.7489999985828035e-06,,30,3,2,1,0.6666666666666666,기억이 약해진다->문제 풀이 속도가 느려진다
복습을 하지 않으면 왜 시험 시간이 부족한가,30,top_k_expansion,top_k_expansion,bfs,True,True,8,4,7.0330000028207e-06,복습을 하지 않는다>기억이 약해진다>문제 풀이 속도가 느려진다>시험 시간이 부족하다,49,3,3,0,1.0,
복습을 하지 않으면 왜 시험 시간이 부족한가,40,top_k,naive_top_k,bfs,False,False,6,0,1.232200000345074e-05,,40,3,2,1,0.6666666666666666,기억이 약해진다->문제 풀이 속도가 느려진다
복습을 하지 않으면 왜 시험 시간이 부족한가,40,top_k_expansion,top_k_expansion,bfs,True,True,8,4,1.1583999992126337e-05,복습을 하지 않는다>기억이 약해진다>문제 풀이 속도가 느려진다>시험 시간이 부족하다,56,3,3,0,1.0,
복습을 하지 않으면 왜 시험 시간이 부족한가,60,top_k,naive_top_k,bfs,False,False,6,0,1.063400000589354e-05,,60,3,2,1,0.6666666666666666,기억이 약해진다->문제 풀이 속도가 느려진다
복습을 하지 않으면 왜 시험 시간이 부족한가,60,top_k_expansion,top_k_expansion,bfs,True,True,8,4,1.130799998350085e-05,복습을 하지 않는다>기억이 약해진다>문제 풀이 속도가 느려진다>시험 시간이 부족하다,82,3,3,0,1.0,
복습을 하지 않으면 왜 시험 시간이 부족한가,70,top_k,naive_top_k,bfs,False,False,6,0,1.8892000014147925e-05,,70,3,2,1,0.6666666666666666,기억이 약해진다->문제 풀이 속도가 느려진다
복습을 하지 않으면 왜 시험 시간이 부족한가,70,top_k_expansion,top_k_expansion,bfs,True,True,8,4,1.284500001474953e-05,복습을 하지 않는다>기억이 약해진다>문제 풀이 속도가 느려진다>시험 시간이 부족하다,85,3,3,0,1.0,
복습을 하지 않으면 왜 시험 시간이 부족한가,75,top_k,naive_top_k,bfs,False,False,6,0,9.906999991926568e-06,,75,3,2,1,0.6666666666666666,기억이 약해진다->문제 풀이 속도가 느려진다
복습을 하지 않으면 왜 시험 시간이 부족한가,75,top_k_expansion,top_k_expansion,bfs,True,True,8,4,7.140000008121206e-06,복습을 하지 않는다>기억이 약해진다>문제 풀이 속도가 느려진다>시험 시간이 부족하다,86,3,3,0,1.0,
복습을 하지 않으면 왜 시험 시간이 부족한가,78,top_k,naive_top_k,bfs,False,False,6,0,6.483000021262342e-06,,78,3,2,1,0.6666666666666666,기억이 약해진다->문제 풀이 속도가 느려진다
복습을 하지 않으면 왜 시험 시간이 부족한가,78,top_k_expansion,top_k_expansion,bfs,True,True,8,4,6.162999994785423e-06,복습을 하지 않는다>기억이 약해진다>문제 풀이 속도가 느려진다>시험 시간이 부족하다,88,3,3,0,1.0,
복습을 하지 않으면 왜 시험 시간이 부족한가,80,top_k,naive_top_k,bfs,False,False,6,0,5.431000005273745e-06,,80,3,2,1,0.6666666666666666,기억이 약해진다->문제 풀이 속도가 느려진다
복습을 하지 않으면 왜 시험 시간이 부족한가,80,top_k_expansion,top_k_expansion,bfs,True,True,8,4,1.1916999994809885e-05,복습을 하지 않는다>기억이 약해진다>문제 풀이 속도가 느려진다>시험 시간이 부족하다,88,3,3,0,1.0,
복습을 하지 않으면 왜 시험 시간이 부족한가,82,top_k,naive_top_k,bfs,False,False,6,0,1.1239999992085359e-05,,82,3,2,1,0.6666666666666666,기억이 약해진다->문제 풀이 속도가 느려진다
복습을 하지 않으면 왜 시험 시간이 부족한가,82,top_k_expansion,top_k_expansion,bfs,True,True,8,4,1.1029999996026163e-05,복습을 하지 않는다>기억이 약해진다>문제 풀이 속도가 느려진다>시험 시간이 부족하다,88,3,3,0,1.0,
복습을 하지 않으면 왜 시험 시간이 부족한가,84,top_k,naive_top_k,bfs,False,False,6,0,6.731000013360244e-06,,84,3,2,1,0.6666666666666666,기억이 약해진다->문제 풀이 속도가 느려진다
복습을 하지 않으면 왜 시험 시간이 부족한가,84,top_k_expansion,top_k_expansion,bfs,True,True,8,4,6.937999984302223e-06,복습을 하지 않는다>기억이 약해진다>문제 풀이 속도가 느려진다>시험 시간이 부족하다,88,3,3,0,1.0,
복습을 하지 않으면 왜 시험 시간이 부족한가,85,top_k,naive_top_k,bfs,True,True,8,4,6.038999998736472e-06,복습을 하지 않는다>기억이 약해진다>문제 풀이 속도가 느려진다>시험 시간이 부족하다,85,3,3,0,1.0,
복습을 하지 않으면 왜 시험 시간이 부족한가,85,top_k_expansion,top_k_expansion,bfs,True,True,8,4,5.735000002005108e-06,복습을 하지 않는다>기억이 약해진다>문제 풀이 속도가 느려진다>시험 시간이 부족하다,88,3,3,0,1.0,
복습을 하지 않으면 왜 시험 시간이 부족한가,86,top_k,naive_top_k,bfs,True,True,8,4,1.1176000015211685e-05,복습을 하지 않는다>기억이 약해진다>문제 풀이 속도가 느려진다>시험 시간이 부족하다,86,3,3,0,1.0,
복습을 하지 않으면 왜 시험 시간이 부족한가,86,top_k_expansion,top_k_expansion,bfs,True,True,8,4,1.004199998533295e-05,복습을 하지 않는다>기억이 약해진다>문제 풀이 속도가 느려진다>시험 시간이 부족하다,89,3,3,0,1.0,
복습을 하지 않으면 왜 시험 시간이 부족한가,87,top_k,naive_top_k,bfs,True,True,8,4,8.033000000295942e-06,복습을 하지 않는다>기억이 약해진다>문제 풀이 속도가 느려진다>시험 시간이 부족하다,87,3,3,0,1.0,
복습을 하지 않으면 왜 시험 시간이 부족한가,87,top_k_expansion,top_k_expansion,bfs,True,True,8,4,7.723000010173564e-06,복습을 하지 않는다>기억이 약해진다>문제 풀이 속도가 느려진다>시험 시간이 부족하다,90,3,3,0,1.0,
복습을 하지 않으면 왜 시험 시간이 부족한가,88,top_k,naive_top_k,bfs,True,True,8,4,5.966000003354566e-06,복습을 하지 않는다>기억이 약해진다>문제 풀이 속도가 느려진다>시험 시간이 부족하다,88,3,3,0,1.0,
복습을 하지 않으면 왜 시험 시간이 부족한가,88,top_k_expansion,top_k_expansion,bfs,True,True,8,4,6.883999986939671e-06,복습을 하지 않는다>기억이 약해진다>문제 풀이 속도가 느려진다>시험 시간이 부족하다,90,3,3,0,1.0,
복습을 하지 않으면 왜 시험 시간이 부족한가,89,top_k,naive_top_k,bfs,True,True,8,4,1.1110000002645393e-05,복습을 하지 않는다>기억이 약해진다>문제 풀이 속도가 느려진다>시험 시간이 부족하다,89,3,3,0,1.0,
복습을 하지 않으면 왜 시험 시간이 부족한가,89,top_k_expansion,top_k_expansion,bfs,True,True,8,4,1.1314999994738173e-05,복습을 하지 않는다>기억이 약해진다>문제 풀이 속도가 느려진다>시험 시간이 부족하다,90,3,3,0,1.0,
복습을 하지 않으면 왜 시험 시간이 부족한가,90,top_k,naive_top_k,bfs,True,True,8,4,1.2692000012748395e-05,복습을 하지 않는다>기억이 약해진다>문제 풀이 속도가 느려진다>시험 시간이 부족하다,90,3,3,0,1.0,
복습을 하지 않으면 왜 시험 시간이 부족한가,90,top_k_expansion,top_k_expansion,bfs,True,True,8,4,1.135299999077688e-05,복습을 하지 않는다>기억이 약해진다>문제 풀이 속도가 느려진다>시험 시간이 부족하다,90,3,3,0,1.0,
복습을 하지 않으면 왜 시험 시간이 부족한가,95,top_k,naive_top_k,bfs,True,True,8,4,1.2089999984254973e-05,복습을 하지 않는다>기억이 약해진다>문제 풀이 속도가 느려진다>시험 시간이 부족하다,90,3,3,0,1.0,
복습을 하지 않으면 왜 시험 시간이 부족한가,95,top_k_expansion,top_k_expansion,bfs,True,True,8,4,1.220699999748831e-05,복습을 하지 않는다>기억이 약해진다>문제 풀이 속도가 느려진다>시험 시간이 부족하다,90,3,3,0,1.0,
복습을 하지 않으면 왜 시험 시간이 부족한가,100,top_k,naive_top_k,bfs,True,True,8,4,1.2258999987579955e-05,복습을 하지 않는다>기억이 약해진다>문제 풀이 속도가 느려진다>시험 시간이 부족하다,90,3,3,0,1.0,
복습을 하지 않으면 왜 시험 시간이 부족한가,100,top_k_expansion,top_k_expansion,bfs,True,True,8,4,6.4609999981257715e-06,복습을 하지 않는다>기억이 약해진다>문제 풀이 속도가 느려진다>시험 시간이 부족하다,90,3,3,0,1.0,
비밀번호가 유출되면 왜 피해 신고가 필요한가,FULL,full,full,bfs,True,True,8,4,6.830000017998827e-06,비밀번호가 유출된다>계정 접근이 가능하다>개인정보가 노출된다>피해 신고가 필요하다,90,3,3,0,1.0,
비밀번호가 유출되면 왜 피해 신고가 필요한가,2,top_k,naive_top_k,bfs,False,False,2,0,2.6710000042839965e-06,,2,3,1,2,0.3333333333333333,계정 접근이 가능하다->개인정보가 노출된다|비밀번호가 유출된다->계정 접근이 가능하다
비밀번호가 유출되면 왜 피해 신고가 필요한가,2,top_k_expansion,top_k_expansion,bfs,True,True,8,4,6.989000013390978e-06,비밀번호가 유출된다>계정 접근이 가능하다>개인정보가 노출된다>피해 신고가 필요하다,9,3,3,0,1.0,
비밀번호가 유출되면 왜 피해 신고가 필요한가,3,top_k,naive_top_k,bfs,False,False,3,0,4.169000021647662e-06,,3,3,1,2,0.3333333333333333,계정 접근이 가능하다->개인정보가 노출된다|비밀번호가 유출된다->계정 접근이 가능하다
비밀번호가 유출되면 왜 피해 신고가 필요한가,3,top_k_expansion,top_k_expansion,bfs,True,True,8,4,6.813999988253272e-06,비밀번호가 유출된다>계정 접근이 가능하다>개인정보가 노출된다>피해 신고가 필요하다,9,3,3,0,1.0,
비밀번호가 유출되면 왜 피해 신고가 필요한가,4,top_k,naive_top_k,bfs,False,False,4,0,3.7060000011024385e-06,,4,3,1,2,0.3333333333333333,계정 접근이 가능하다->개인정보가 노출된다|비밀번호가 유출된다->계정 접근이 가능하다
비밀번호가 유출되면 왜 피해 신고가 필요한가,4,top_k_expansion,top_k_expansion,bfs,True,True,8,4,5.5410000072697585e-06,비밀번호가 유출된다>계정 접근이 가능하다>개인정보가 노출된다>피해 신고가 필요하다,9,3,3,0,1.0,
비밀번호가 유출되면 왜 피해 신고가 필요한가,5,top_k,naive_top_k,bfs,False,False,5,0,5.081000011841752e-06,,5,3,1,2,0.3333333333333333,계정 접근이 가능하다->개인정보가 노출된다|비밀번호가 유출된다->계정 접근이 가능하다
비밀번호가 유출되면 왜 피해 신고가 필요한가,5,top_k_expansion,top_k_expansion,bfs,True,True,8,4,5.085999987386458e-06,비밀번호가 유출된다>계정 접근이 가능하다>개인정보가 노출된다>피해 신고가 필요하다,9,3,3,0,1.0,
비밀번호가 유출되면 왜 피해 신고가 필요한가,6,top_k,naive_top_k,bfs,False,False,6,0,7.4670000174137385e-06,,6,3,2,1,0.6666666666666666,계정 접근이 가능하다->개인정보가 노출된다
비밀번호가 유출되면 왜 피해 신고가 필요한가,6,top_k_expansion,top_k_expansion,bfs,True,True,8,4,5.435999980818451e-06,비밀번호가 유출된다>계정 접근이 가능하다>개인정보가 노출된다>피해 신고가 필요하다,9,3,3,0,1.0,
비밀번호가 유출되면 왜 피해 신고가 필요한가,7,top_k,naive_top_k,bfs,False,False,6,0,5.303999984107577e-06,,7,3,2,1,0.6666666666666666,계정 접근이 가능하다->개인정보가 노출된다
비밀번호가 유출되면 왜 피해 신고가 필요한가,7,top_k_expansion,top_k_expansion,bfs,True,True,8,4,6.138000003375055e-06,비밀번호가 유출된다>계정 접근이 가능하다>개인정보가 노출된다>피해 신고가 필요하다,9,3,3,0,1.0,
비밀번호가 유출되면 왜 피해 신고가 필요한가,8,top_k,naive_top_k,bfs,False,False,6,0,4.654000008486037e-06,,8,3,2,1,0.6666666666666666,계정 접근이 가능하다->개인정보가 노출된다
비밀번호가 유출되면 왜 피해 신고가 필요한가,8,top_k_expansion,top_k_expansion,bfs,True,True,8,4,6.640999998808184e-06,비밀번호가 유출된다>계정 접근이 가능하다>개인정보가 노출된다>피해 신고가 필요하다,9,3,3,0,1.0,
비밀번호가 유출되면 왜 피해 신고가 필요한가,9,top_k,naive_top_k,bfs,False,False,6,0,6.137999974953345e-06,,9,3,2,1,0.6666666666666666,계정 접근이 가능하다->개인정보가 노출된다
비밀번호가 유출되면 왜 피해 신고가 필요한가,9,top_k_expansion,top_k_expansion,bfs,True,True,8,4,6.514000006063725e-06,비밀번호가 유출된다>계정 접근이 가능하다>개인정보가 노출된다>피해 신고가 필요하다,12,3,3,0,1.0,
비밀번호가 유출되면 왜 피해 신고가 필요한가,10,top_k,naive_top_k,bfs,False,False,6,0,5.978999979561195e-06,,10,3,2,1,0.6666666666666666,계정 접근이 가능하다->개인정보가 노출된다
비밀번호가 유출되면 왜 피해 신고가 필요한가,10,top_k_expansion,top_k_expansion,bfs,True,True,8,4,1.0048999996570274e-05,비밀번호가 유출된다>계정 접근이 가능하다>개인정보가 노출된다>피해 신고가 필요하다,12,3,3,0,1.0,
비밀번호가 유출되면 왜 피해 신고가 필요한가,15,top_k,naive_top_k,bfs,False,False,6,0,1.15349999987302e-05,,15,3,2,1,0.6666666666666666,계정 접근이 가능하다->개인정보가 노출된다
비밀번호가 유출되면 왜 피해 신고가 필요한가,15,top_k_expansion,top_k_expansion,bfs,True,True,8,4,1.0036999981366534e-05,비밀번호가 유출된다>계정 접근이 가능하다>개인정보가 노출된다>피해 신고가 필요하다,26,3,3,0,1.0,
비밀번호가 유출되면 왜 피해 신고가 필요한가,20,top_k,naive_top_k,bfs,False,False,6,0,9.749000014380726e-06,,20,3,2,1,0.6666666666666666,계정 접근이 가능하다->개인정보가 노출된다
비밀번호가 유출되면 왜 피해 신고가 필요한가,20,top_k_expansion,top_k_expansion,bfs,True,True,8,4,1.0865000007242998e-05,비밀번호가 유출된다>계정 접근이 가능하다>개인정보가 노출된다>피해 신고가 필요하다,33,3,3,0,1.0,
비밀번호가 유출되면 왜 피해 신고가 필요한가,30,top_k,naive_top_k,bfs,False,False,6,0,9.507000015673839e-06,,30,3,2,1,0.6666666666666666,계정 접근이 가능하다->개인정보가 노출된다
비밀번호가 유출되면 왜 피해 신고가 필요한가,30,top_k_expansion,top_k_expansion,bfs,True,True,8,4,5.0339000011945245e-05,비밀번호가 유출된다>계정 접근이 가능하다>개인정보가 노출된다>피해 신고가 필요하다,47,3,3,0,1.0,
비밀번호가 유출되면 왜 피해 신고가 필요한가,40,top_k,naive_top_k,bfs,False,False,6,0,7.167000006802482e-06,,40,3,2,1,0.6666666666666666,계정 접근이 가능하다->개인정보가 노출된다
비밀번호가 유출되면 왜 피해 신고가 필요한가,40,top_k_expansion,top_k_expansion,bfs,True,True,8,4,5.625000000009095e-06,비밀번호가 유출된다>계정 접근이 가능하다>개인정보가 노출된다>피해 신고가 필요하다,67,3,3,0,1.0,
비밀번호가 유출되면 왜 피해 신고가 필요한가,60,top_k,naive_top_k,bfs,False,False,6,0,6.697999992866244e-06,,60,3,2,1,0.6666666666666666,계정 접근이 가능하다->개인정보가 노출된다
비밀번호가 유출되면 왜 피해 신고가 필요한가,60,top_k_expansion,top_k_expansion,bfs,True,True,8,4,1.0059000004503105e-05,비밀번호가 유출된다>계정 접근이 가능하다>개인정보가 노출된다>피해 신고가 필요하다,80,3,3,0,1.0,
비밀번호가 유출되면 왜 피해 신고가 필요한가,70,top_k,naive_top_k,bfs,False,False,6,0,5.788000009943062e-06,,70,3,2,1,0.6666666666666666,계정 접근이 가능하다->개인정보가 노출된다
비밀번호가 유출되면 왜 피해 신고가 필요한가,70,top_k_expansion,top_k_expansion,bfs,True,True,8,4,6.8089999842868565e-06,비밀번호가 유출된다>계정 접근이 가능하다>개인정보가 노출된다>피해 신고가 필요하다,84,3,3,0,1.0,
비밀번호가 유출되면 왜 피해 신고가 필요한가,75,top_k,naive_top_k,bfs,False,False,6,0,9.857999998530431e-06,,75,3,2,1,0.6666666666666666,계정 접근이 가능하다->개인정보가 노출된다
비밀번호가 유출되면 왜 피해 신고가 필요한가,75,top_k_expansion,top_k_expansion,bfs,True,True,8,4,1.184299998158167e-05,비밀번호가 유출된다>계정 접근이 가능하다>개인정보가 노출된다>피해 신고가 필요하다,86,3,3,0,1.0,
비밀번호가 유출되면 왜 피해 신고가 필요한가,78,top_k,naive_top_k,bfs,False,False,6,0,9.689999984630049e-06,,78,3,2,1,0.6666666666666666,계정 접근이 가능하다->개인정보가 노출된다
비밀번호가 유출되면 왜 피해 신고가 필요한가,78,top_k_expansion,top_k_expansion,bfs,True,True,8,4,1.1266000001342036e-05,비밀번호가 유출된다>계정 접근이 가능하다>개인정보가 노출된다>피해 신고가 필요하다,88,3,3,0,1.0,
비밀번호가 유출되면 왜 피해 신고가 필요한가,80,top_k,naive_top_k,bfs,False,False,6,0,2.3816000009446725e-05,,80,3,2,1,0.6666666666666666,계정 접근이 가능하다->개인정보가 노출된다
비밀번호가 유출되면 왜 피해 신고가 필요한가,80,top_k_expansion,top_k_expansion,bfs,True,True,8,4,1.2074000011352837e-05,비밀번호가 유출된다>계정 접근이 가능하다>개인정보가 노출된다>피해 신고가 필요하다,88,3,3,0,1.0,
비밀번호가 유출되면 왜 피해 신고가 필요한가,82,top_k,naive_top_k,bfs,False,False,6,0,1.0596999999279433e-05,,82,3,2,1,0.6666666666666666,계정 접근이 가능하다->개인정보가 노출된다
비밀번호가 유출되면 왜 피해 신고가 필요한가,82,top_k_expansion,top_k_expansion,bfs,True,True,8,4,1.1258000000680113e-05,비밀번호가 유출된다>계정 접근이 가능하다>개인정보가 노출된다>피해 신고가 필요하다,88,3,3,0,1.0,
비밀번호가 유출되면 왜 피해 신고가 필요한가,84,top_k,naive_top_k,bfs,False,False,6,0,8.941999993794525e-06,,84,3,2,1,0.6666666666666666,계정 접근이 가능하다->개인정보가 노출된다
비밀번호가 유출되면 왜 피해 신고가 필요한가,84,top_k_expansion,top_k_expansion,bfs,True,True,8,4,1.112399999669833e-05,비밀번호가 유출된다>계정 접근이 가능하다>개인정보가 노출된다>피해 신고가 필요하다,88,3,3,0,1.0,
비밀번호가 유출되면 왜 피해 신고가 필요한가,85,top_k,naive_top_k,bfs,False,False,6,0,1.1025000020481457e-05,,85,3,2,1,0.6666666666666666,계정 접근이 가능하다->개인정보가 노출된다
비밀번호가 유출되면 왜 피해 신고가 필요한가,85,top_k_expansion,top_k_expansion,bfs,True,True,8,4,1.0756999984096183e-05,비밀번호가 유출된다>계정 접근이 가능하다>개인정보가 노출된다>피해 신고가 필요하다,89,3,3,0,1.0,
비밀번호가 유출되면 왜 피해 신고가 필요한가,86,top_k,naive_top_k,bfs,False,False,6,0,1.0032000005821828e-05,,86,3,2,1,0.6666666666666666,계정 접근이 가능하다->개인정보가 노출된다
비밀번호가 유출되면 왜 피해 신고가 필요한가,86,top_k_expansion,top_k_expansion,bfs,True,True,8,4,1.39619999970364e-05,비밀번호가 유출된다>계정 접근이 가능하다>개인정보가 노출된다>피해 신고가 필요하다,90,3,3,0,1.0,
비밀번호가 유출되면 왜 피해 신고가 필요한가,87,top_k,naive_top_k,bfs,False,False,6,0,1.1585999999397245e-05,,87,3,2,1,0.6666666666666666,계정 접근이 가능하다->개인정보가 노출된다
비밀번호가 유출되면 왜 피해 신고가 필요한가,87,top_k_expansion,top_k_expansion,bfs,True,True,8,4,1.177300001131698e-05,비밀번호가 유출된다>계정 접근이 가능하다>개인정보가 노출된다>피해 신고가 필요하다,90,3,3,0,1.0,
비밀번호가 유출되면 왜 피해 신고가 필요한가,88,top_k,naive_top_k,bfs,False,False,6,0,6.912000003467256e-06,,88,3,2,1,0.6666666666666666,계정 접근이 가능하다->개인정보가 노출된다
비밀번호가 유출되면 왜 피해 신고가 필요한가,88,top_k_expansion,top_k_expansion,bfs,True,True,8,4,1.1000999990073979e-05,비밀번호가 유출된다>계정 접근이 가능하다>개인정보가 노출된다>피해 신고가 필요하다,90,3,3,0,1.0,
비밀번호가 유출되면 왜 피해 신고가 필요한가,89,top_k,naive_top_k,bfs,False,False,6,0,9.747000007109818e-06,,89,3,2,1,0.6666666666666666,계정 접근이 가능하다->개인정보가 노출된다
비밀번호가 유출되면 왜 피해 신고가 필요한가,89,top_k_expansion,top_k_expansion,bfs,True,True,8,4,1.1140000026443886e-05,비밀번호가 유출된다>계정 접근이 가능하다>개인정보가 노출된다>피해 신고가 필요하다,90,3,3,0,1.0,
비밀번호가 유출되면 왜 피해 신고가 필요한가,90,top_k,naive_top_k,bfs,True,True,8,4,1.1868000001413748e-05,비밀번호가 유출된다>계정 접근이 가능하다>개인정보가 노출된다>피해 신고가 필요하다,90,3,3,0,1.0,
비밀번호가 유출되면 왜 피해 신고가 필요한가,90,top_k_expansion,top_k_expansion,bfs,True,True,8,4,1.0868999993363104e-05,비밀번호가 유출된다>계정 접근이 가능하다>개인정보가 노출된다>피해 신고가 필요하다,90,3,3,0,1.0,
비밀번호가 유출되면 왜 피해 신고가 필요한가,95,top_k,naive_top_k,bfs,True,True,8,4,6.780999996180981e-06,비밀번호가 유출된다>계정 접근이 가능하다>개인정보가 노출된다>피해 신고가 필요하다,90,3,3,0,1.0,
비밀번호가 유출되면 왜 피해 신고가 필요한가,95,top_k_expansion,top_k_expansion,bfs,True,True,8,4,5.985000001373919e-06,비밀번호가 유출된다>계정 접근이 가능하다>개인정보가 노출된다>피해 신고가 필요하다,90,3,3,0,1.0,
비밀번호가 유출되면 왜 피해 신고가 필요한가,100,top_k,naive_top_k,bfs,True,True,8,4,5.495000010569129e-06,비밀번호가 유출된다>계정 접근이 가능하다>개인정보가 노출된다>피해 신고가 필요하다,90,3,3,0,1.0,
비밀번호가 유출되면 왜 피해 신고가 필요한가,100,top_k_expansion,top_k_expansion,bfs,True,True,8,4,6.435000017290804e-06,비밀번호가 유출된다>계정 접근이 가능하다>개인정보가 노출된다>피해 신고가 필요하다,90,3,3,0,1.0,
